{"type": "FeatureCollection", "features": [{"type": "Feature", "properties": {"line": "T1", "type": "trunk", "headway_min": 10.0, "run_min": 40.6, "buses": 9, "flags": []}, "geometry": {"type": "LineString", "coordinates": [[-52.760339, 47.560369], [-52.757503, 47.55998], [-52.75395, 47.562114], [-52.746348, 47.561019], [-52.744422, 47.56088750000001], [-52.7426705, 47.5588465], [-52.743143, 47.557759], [-52.7426705, 47.5588465], [-52.743003, 47.560419], [-52.741411, 47.5616965], [-52.742792, 47.563418], [-52.742695, 47.564755], [-52.742511, 47.566922], [-52.741353, 47.568497], [-52.7381795, 47.5716905], [-52.735682, 47.57337], [-52.728204, 47.582911], [-52.728266, 47.588961], [-52.728314, 47.591528], [-52.729192, 47.590126], [-52.731464, 47.589439], [-52.729192, 47.590126], [-52.728314, 47.591528], [-52.728399499999995, 47.593312999999995], [-52.72743, 47.5947245], [-52.725484, 47.593883500000004], [-52.723017, 47.591403], [-52.718471, 47.589057999999994], [-52.71566, 47.58727], [-52.71159, 47.58449], [-52.709748, 47.584322], [-52.708449, 47.58724], [-52.709481, 47.588314], [-52.709558, 47.592000999999996], [-52.708156, 47.593028], [-52.7023795, 47.5939015], [-52.698657499999996, 47.5975405], [-52.697739, 47.598114], [-52.695619, 47.597249], [-52.697739, 47.598114], [-52.698657499999996, 47.5975405], [-52.7023795, 47.5939015], [-52.708156, 47.593028], [-52.709558, 47.592000999999996], [-52.70929, 47.593975], [-52.711689, 47.599669], [-52.712421, 47.5988885], [-52.713019, 47.600669]]}}, {"type": "Feature", "properties": {"line": "T2", "type": "trunk", "headway_min": 10.0, "run_min": 36.5, "buses": 9, "flags": []}, "geometry": {"type": "LineString", "coordinates": [[-52.75306500000001, 47.534048], [-52.750122, 47.533785], [-52.745098999999996, 47.535202], [-52.7430345, 47.536044000000004], [-52.7401585, 47.537575000000004], [-52.738742, 47.538914], [-52.737227, 47.540769], [-52.734353999999996, 47.5435865], [-52.733028, 47.5454], [-52.731164500000006, 47.5477125], [-52.7289095, 47.5490545], [-52.726366999999996, 47.550672], [-52.724211, 47.553094], [-52.7223, 47.555322], [-52.720599500000006, 47.557361], [-52.718686999999996, 47.55951666666667], [-52.716706, 47.561831], [-52.71368, 47.56445], [-52.708995, 47.5678025], [-52.707104, 47.57014], [-52.7048165, 47.571231], [-52.7023035, 47.571295000000006], [-52.70207, 47.572134], [-52.7023035, 47.571295000000006], [-52.7048165, 47.571231], [-52.707104, 47.57014], [-52.708995, 47.5678025], [-52.71368, 47.56445], [-52.715183, 47.564176], [-52.716048, 47.566099], [-52.719335, 47.565287], [-52.72166, 47.56467], [-52.724723499999996, 47.5633945], [-52.7292, 47.56315], [-52.733934000000005, 47.5631985], [-52.7412485, 47.563007], [-52.746348, 47.561019], [-52.75395, 47.562114], [-52.757503, 47.55998], [-52.760339, 47.560369]]}}, {"type": "Feature", "properties": {"line": "T3", "type": "trunk", "headway_min": 10.0, "run_min": 10.0, "buses": 3, "flags": ["short: could run as an extension of a feeder loop instead"]}, "geometry": {"type": "LineString", "coordinates": [[-52.738742, 47.538914], [-52.737227, 47.540769], [-52.734353999999996, 47.5435865], [-52.733028, 47.5454], [-52.731164500000006, 47.5477125], [-52.729148, 47.55103], [-52.7301305, 47.552803499999996], [-52.7313765, 47.554312499999995], [-52.733309000000006, 47.556709], [-52.734254, 47.558047], [-52.73595, 47.558944], [-52.7378995, 47.5580145], [-52.741679500000004, 47.5560615], [-52.7440335, 47.5564625], [-52.743143, 47.557759]]}}, {"type": "Feature", "properties": {"line": "T4", "type": "trunk", "headway_min": 10.0, "run_min": 6.7, "buses": 2, "flags": ["short: could run as an extension of a feeder loop instead"]}, "geometry": {"type": "LineString", "coordinates": [[-52.70207, 47.572134], [-52.703086, 47.5759125], [-52.706002, 47.577886], [-52.70752, 47.578742], [-52.708662000000004, 47.5814365], [-52.709621999999996, 47.582871], [-52.709748, 47.584322], [-52.71159, 47.58449]]}}, {"type": "Feature", "properties": {"line": "T5", "type": "trunk", "headway_min": 10.0, "run_min": 4.8, "buses": 2, "flags": ["short: could run as an extension of a feeder loop instead"]}, "geometry": {"type": "LineString", "coordinates": [[-52.731464, 47.589439], [-52.729192, 47.590126], [-52.728314, 47.591528], [-52.728399499999995, 47.593312999999995], [-52.72743, 47.5947245], [-52.723913499999995, 47.59641], [-52.721433, 47.597441], [-52.7171945, 47.597536500000004], [-52.712421, 47.5988885], [-52.713019, 47.600669]]}}, {"type": "Feature", "properties": {"line": "F1", "type": "feeder", "headway_min": 20.0, "run_min": 10.2, "buses": 1, "flags": []}, "geometry": {"type": "LineString", "coordinates": [[-52.75306500000001, 47.534048], [-52.754456, 47.535667], [-52.756989, 47.539094], [-52.7579595, 47.539675], [-52.759528, 47.539097], [-52.7619015, 47.536892], [-52.76353, 47.535789], [-52.7619015, 47.536892], [-52.764169, 47.535458], [-52.7619015, 47.536892], [-52.760021, 47.538414], [-52.7579595, 47.539675], [-52.756989, 47.539094], [-52.754456, 47.535667], [-52.75306500000001, 47.534048]]}}, {"type": "Feature", "properties": {"line": "F2", "type": "feeder", "headway_min": 20.0, "run_min": 35.3, "buses": 2, "flags": ["long: these stops are far from any hub; consider on-demand service", "few stops: candidate for on-demand or merging into a trunk"]}, "geometry": {"type": "LineString", "coordinates": [[-52.75306500000001, 47.534048], [-52.750122, 47.533785], [-52.75365, 47.53202], [-52.758736, 47.529922], [-52.761264, 47.5282455], [-52.764833, 47.526975], [-52.767719, 47.526108], [-52.770801000000006, 47.524606500000004], [-52.774114499999996, 47.5238195], [-52.7805, 47.523852], [-52.7867065, 47.523652999999996], [-52.790832, 47.5240845], [-52.794133, 47.524511], [-52.796569, 47.5242], [-52.805657, 47.525612], [-52.8059065, 47.5286185], [-52.80634, 47.53195], [-52.80745, 47.535542], [-52.808711, 47.535732], [-52.80745, 47.535542], [-52.80634, 47.53195], [-52.8059065, 47.5286185], [-52.805657, 47.525612], [-52.796569, 47.5242], [-52.794133, 47.524511], [-52.790832, 47.5240845], [-52.7867065, 47.523652999999996], [-52.7805, 47.523852], [-52.774114499999996, 47.5238195], [-52.770801000000006, 47.524606500000004], [-52.767719, 47.526108], [-52.764833, 47.526975], [-52.761264, 47.5282455], [-52.758736, 47.529922], [-52.75365, 47.53202], [-52.750122, 47.533785], [-52.75306500000001, 47.534048]]}}, {"type": "Feature", "properties": {"line": "F3", "type": "feeder", "headway_min": 20.0, "run_min": 34.7, "buses": 2, "flags": ["long: these stops are far from any hub; consider on-demand service", "few stops: candidate for on-demand or merging into a trunk"]}, "geometry": {"type": "LineString", "coordinates": [[-52.75306500000001, 47.534048], [-52.750122, 47.533785], [-52.75365, 47.53202], [-52.758736, 47.529922], [-52.761264, 47.5282455], [-52.764833, 47.526975], [-52.767719, 47.526108], [-52.770801000000006, 47.524606500000004], [-52.774114499999996, 47.5238195], [-52.7805, 47.523852], [-52.7867065, 47.523652999999996], [-52.790832, 47.5240845], [-52.794133, 47.524511], [-52.796569, 47.5242], [-52.805657, 47.525612], [-52.8059065, 47.5286185], [-52.80634, 47.53195], [-52.80745, 47.535542], [-52.80634, 47.53195], [-52.8059065, 47.5286185], [-52.805657, 47.525612], [-52.796569, 47.5242], [-52.794133, 47.524511], [-52.790832, 47.5240845], [-52.7867065, 47.523652999999996], [-52.7805, 47.523852], [-52.774114499999996, 47.5238195], [-52.770801000000006, 47.524606500000004], [-52.767719, 47.526108], [-52.764833, 47.526975], [-52.761264, 47.5282455], [-52.758736, 47.529922], [-52.75365, 47.53202], [-52.750122, 47.533785], [-52.75306500000001, 47.534048]]}}, {"type": "Feature", "properties": {"line": "F4", "type": "feeder", "headway_min": 20.0, "run_min": 35.9, "buses": 2, "flags": ["long: these stops are far from any hub; consider on-demand service", "few stops: candidate for on-demand or merging into a trunk"]}, "geometry": {"type": "LineString", "coordinates": [[-52.75306500000001, 47.534048], [-52.750122, 47.533785], [-52.75365, 47.53202], [-52.758736, 47.529922], [-52.761264, 47.5282455], [-52.764833, 47.526975], [-52.767719, 47.526108], [-52.770801000000006, 47.524606500000004], [-52.774114499999996, 47.5238195], [-52.7805, 47.523852], [-52.7867065, 47.523652999999996], [-52.790832, 47.5240845], [-52.794133, 47.524511], [-52.796569, 47.5242], [-52.805657, 47.525612], [-52.8059065, 47.5286185], [-52.806214, 47.533536], [-52.807983, 47.533939], [-52.810828, 47.533886], [-52.810976, 47.535337], [-52.810828, 47.533886], [-52.807983, 47.533939], [-52.806214, 47.533536], [-52.8059065, 47.5286185], [-52.805657, 47.525612], [-52.796569, 47.5242], [-52.794133, 47.524511], [-52.790832, 47.5240845], [-52.7867065, 47.523652999999996], [-52.7805, 47.523852], [-52.774114499999996, 47.5238195], [-52.770801000000006, 47.524606500000004], [-52.767719, 47.526108], [-52.764833, 47.526975], [-52.761264, 47.5282455], [-52.758736, 47.529922], [-52.75365, 47.53202], [-52.750122, 47.533785], [-52.75306500000001, 47.534048]]}}, {"type": "Feature", "properties": {"line": "F5", "type": "feeder", "headway_min": 20.0, "run_min": 33.6, "buses": 2, "flags": ["few stops: candidate for on-demand or merging into a trunk"]}, "geometry": {"type": "LineString", "coordinates": [[-52.75306500000001, 47.534048], [-52.750122, 47.533785], [-52.75365, 47.53202], [-52.758736, 47.529922], [-52.761264, 47.5282455], [-52.764833, 47.526975], [-52.767719, 47.526108], [-52.770801000000006, 47.524606500000004], [-52.774114499999996, 47.5238195], [-52.7805, 47.523852], [-52.7867065, 47.523652999999996], [-52.790832, 47.5240845], [-52.794133, 47.524511], [-52.796569, 47.5242], [-52.799192500000004, 47.525759], [-52.801885, 47.527258], [-52.7995925, 47.5295145], [-52.800782, 47.532403], [-52.8014255, 47.534642], [-52.800782, 47.532403], [-52.7995925, 47.5295145], [-52.801885, 47.527258], [-52.799192500000004, 47.525759], [-52.796569, 47.5242], [-52.794133, 47.524511], [-52.790832, 47.5240845], [-52.7867065, 47.523652999999996], [-52.7805, 47.523852], [-52.774114499999996, 47.5238195], [-52.770801000000006, 47.524606500000004], [-52.767719, 47.526108], [-52.764833, 47.526975], [-52.761264, 47.5282455], [-52.758736, 47.529922], [-52.75365, 47.53202], [-52.750122, 47.533785], [-52.75306500000001, 47.534048]]}}, {"type": "Feature", "properties": {"line": "F6", "type": "feeder", "headway_min": 20.0, "run_min": 34.5, "buses": 2, "flags": []}, "geometry": {"type": "LineString", "coordinates": [[-52.75306500000001, 47.534048], [-52.750122, 47.533785], [-52.75365, 47.53202], [-52.758736, 47.529922], [-52.761264, 47.5282455], [-52.764833, 47.526975], [-52.767719, 47.526108], [-52.770801000000006, 47.524606500000004], [-52.774114499999996, 47.5238195], [-52.7805, 47.523852], [-52.7867065, 47.523652999999996], [-52.790832, 47.5240845], [-52.794133, 47.524511], [-52.796569, 47.5242], [-52.805657, 47.525612], [-52.8059065, 47.5286185], [-52.806214, 47.533536], [-52.807983, 47.533939], [-52.810828, 47.533886], [-52.807983, 47.533939], [-52.806214, 47.533536], [-52.8059065, 47.5286185], [-52.805657, 47.525612], [-52.796569, 47.5242], [-52.794133, 47.524511], [-52.790832, 47.5240845], [-52.7867065, 47.523652999999996], [-52.7805, 47.523852], [-52.774114499999996, 47.5238195], [-52.770801000000006, 47.524606500000004], [-52.767719, 47.526108], [-52.764833, 47.526975], [-52.761264, 47.5282455], [-52.758736, 47.529922], [-52.75365, 47.53202], [-52.750122, 47.533785], [-52.75306500000001, 47.534048]]}}, {"type": "Feature", "properties": {"line": "F7", "type": "feeder", "headway_min": 20.0, "run_min": 32.5, "buses": 2, "flags": ["few stops: candidate for on-demand or merging into a trunk"]}, "geometry": {"type": "LineString", "coordinates": [[-52.75306500000001, 47.534048], [-52.750122, 47.533785], [-52.75365, 47.53202], [-52.758736, 47.529922], [-52.761264, 47.5282455], [-52.764833, 47.526975], [-52.767719, 47.526108], [-52.770801000000006, 47.524606500000004], [-52.774114499999996, 47.5238195], [-52.7805, 47.523852], [-52.7867065, 47.523652999999996], [-52.790832, 47.5240845], [-52.794133, 47.524511], [-52.796569, 47.5242], [-52.799192500000004, 47.525759], [-52.801885, 47.527258], [-52.7995925, 47.5295145], [-52.800782, 47.532403], [-52.7995925, 47.5295145], [-52.801885, 47.527258], [-52.799192500000004, 47.525759], [-52.796569, 47.5242], [-52.794133, 47.524511], [-52.790832, 47.5240845], [-52.7867065, 47.523652999999996], [-52.7805, 47.523852], [-52.774114499999996, 47.5238195], [-52.770801000000006, 47.524606500000004], [-52.767719, 47.526108], [-52.764833, 47.526975], [-52.761264, 47.5282455], [-52.758736, 47.529922], [-52.75365, 47.53202], [-52.750122, 47.533785], [-52.75306500000001, 47.534048]]}}, {"type": "Feature", "properties": {"line": "F8", "type": "feeder", "headway_min": 20.0, "run_min": 32.9, "buses": 2, "flags": ["few stops: candidate for on-demand or merging into a trunk"]}, "geometry": {"type": "LineString", "coordinates": [[-52.75306500000001, 47.534048], [-52.750122, 47.533785], [-52.75365, 47.53202], [-52.758736, 47.529922], [-52.761264, 47.5282455], [-52.764833, 47.526975], [-52.767719, 47.526108], [-52.770801000000006, 47.524606500000004], [-52.774114499999996, 47.5238195], [-52.7805, 47.523852], [-52.7867065, 47.523652999999996], [-52.790832, 47.5240845], [-52.794133, 47.524511], [-52.796569, 47.5242], [-52.805657, 47.525612], [-52.8059065, 47.5286185], [-52.80634, 47.53195], [-52.8059065, 47.5286185], [-52.805657, 47.525612], [-52.796569, 47.5242], [-52.794133, 47.524511], [-52.790832, 47.5240845], [-52.7867065, 47.523652999999996], [-52.7805, 47.523852], [-52.774114499999996, 47.5238195], [-52.770801000000006, 47.524606500000004], [-52.767719, 47.526108], [-52.764833, 47.526975], [-52.761264, 47.5282455], [-52.758736, 47.529922], [-52.75365, 47.53202], [-52.750122, 47.533785], [-52.75306500000001, 47.534048]]}}, {"type": "Feature", "properties": {"line": "F9", "type": "feeder", "headway_min": 20.0, "run_min": 48.6, "buses": 3, "flags": ["long: these stops are far from any hub; consider on-demand service", "few stops: candidate for on-demand or merging into a trunk"]}, "geometry": {"type": "LineString", "coordinates": [[-52.75306500000001, 47.534048], [-52.750122, 47.533785], [-52.75365, 47.53202], [-52.758736, 47.529922], [-52.761264, 47.5282455], [-52.764833, 47.526975], [-52.767719, 47.526108], [-52.770801000000006, 47.524606500000004], [-52.774114499999996, 47.5238195], [-52.7805, 47.523852], [-52.7867065, 47.523652999999996], [-52.790832, 47.5240845], [-52.794133, 47.524511], [-52.796569, 47.5242], [-52.799192500000004, 47.525759], [-52.80915, 47.525792], [-52.812403, 47.527322], [-52.816556, 47.526103], [-52.814683, 47.524931], [-52.813372, 47.523711], [-52.813283, 47.525333], [-52.821817, 47.527414], [-52.824802, 47.52832], [-52.82968, 47.528931], [-52.824802, 47.52832], [-52.821817, 47.527414], [-52.813283, 47.525333], [-52.813372, 47.523711], [-52.814683, 47.524931], [-52.816556, 47.526103], [-52.812403, 47.527322], [-52.80915, 47.525792], [-52.799192500000004, 47.525759], [-52.796569, 47.5242], [-52.794133, 47.524511], [-52.790832, 47.5240845], [-52.7867065, 47.523652999999996], [-52.7805, 47.523852], [-52.774114499999996, 47.5238195], [-52.770801000000006, 47.524606500000004], [-52.767719, 47.526108], [-52.764833, 47.526975], [-52.761264, 47.5282455], [-52.758736, 47.529922], [-52.75365, 47.53202], [-52.750122, 47.533785], [-52.75306500000001, 47.534048]]}}, {"type": "Feature", "properties": {"line": "F10", "type": "feeder", "headway_min": 20.0, "run_min": 45.6, "buses": 3, "flags": ["long: these stops are far from any hub; consider on-demand service", "few stops: candidate for on-demand or merging into a trunk"]}, "geometry": {"type": "LineString", "coordinates": [[-52.75306500000001, 47.534048], [-52.750122, 47.533785], [-52.75365, 47.53202], [-52.758736, 47.529922], [-52.761264, 47.5282455], [-52.764833, 47.526975], [-52.767719, 47.526108], [-52.770801000000006, 47.524606500000004], [-52.774114499999996, 47.5238195], [-52.7805, 47.523852], [-52.7867065, 47.523652999999996], [-52.790832, 47.5240845], [-52.794133, 47.524511], [-52.796569, 47.5242], [-52.799192500000004, 47.525759], [-52.80915, 47.525792], [-52.812403, 47.527322], [-52.816556, 47.526103], [-52.814683, 47.524931], [-52.813372, 47.523711], [-52.813283, 47.525333], [-52.821817, 47.527414], [-52.824802, 47.52832], [-52.821817, 47.527414], [-52.813283, 47.525333], [-52.813372, 47.523711], [-52.814683, 47.524931], [-52.816556, 47.526103], [-52.812403, 47.527322], [-52.80915, 47.525792], [-52.799192500000004, 47.525759], [-52.796569, 47.5242], [-52.794133, 47.524511], [-52.790832, 47.5240845], [-52.7867065, 47.523652999999996], [-52.7805, 47.523852], [-52.774114499999996, 47.5238195], [-52.770801000000006, 47.524606500000004], [-52.767719, 47.526108], [-52.764833, 47.526975], [-52.761264, 47.5282455], [-52.758736, 47.529922], [-52.75365, 47.53202], [-52.750122, 47.533785], [-52.75306500000001, 47.534048]]}}, {"type": "Feature", "properties": {"line": "F11", "type": "feeder", "headway_min": 20.0, "run_min": 43.9, "buses": 3, "flags": ["long: these stops are far from any hub; consider on-demand service", "few stops: candidate for on-demand or merging into a trunk"]}, "geometry": {"type": "LineString", "coordinates": [[-52.75306500000001, 47.534048], [-52.750122, 47.533785], [-52.75365, 47.53202], [-52.758736, 47.529922], [-52.761264, 47.5282455], [-52.764833, 47.526975], [-52.767719, 47.526108], [-52.770801000000006, 47.524606500000004], [-52.774114499999996, 47.5238195], [-52.7805, 47.523852], [-52.7867065, 47.523652999999996], [-52.790832, 47.5240845], [-52.794133, 47.524511], [-52.796569, 47.5242], [-52.799192500000004, 47.525759], [-52.80915, 47.525792], [-52.812403, 47.527322], [-52.816556, 47.526103], [-52.814683, 47.524931], [-52.813372, 47.523711], [-52.813283, 47.525333], [-52.821817, 47.527414], [-52.813283, 47.525333], [-52.813372, 47.523711], [-52.814683, 47.524931], [-52.816556, 47.526103], [-52.812403, 47.527322], [-52.80915, 47.525792], [-52.799192500000004, 47.525759], [-52.796569, 47.5242], [-52.794133, 47.524511], [-52.790832, 47.5240845], [-52.7867065, 47.523652999999996], [-52.7805, 47.523852], [-52.774114499999996, 47.5238195], [-52.770801000000006, 47.524606500000004], [-52.767719, 47.526108], [-52.764833, 47.526975], [-52.761264, 47.5282455], [-52.758736, 47.529922], [-52.75365, 47.53202], [-52.750122, 47.533785], [-52.75306500000001, 47.534048]]}}, {"type": "Feature", "properties": {"line": "F12", "type": "feeder", "headway_min": 20.0, "run_min": 31.0, "buses": 2, "flags": ["few stops: candidate for on-demand or merging into a trunk"]}, "geometry": {"type": "LineString", "coordinates": [[-52.75306500000001, 47.534048], [-52.750122, 47.533785], [-52.75365, 47.53202], [-52.758736, 47.529922], [-52.761264, 47.5282455], [-52.764833, 47.526975], [-52.767719, 47.526108], [-52.770801000000006, 47.524606500000004], [-52.774114499999996, 47.5238195], [-52.7805, 47.523852], [-52.7867065, 47.523652999999996], [-52.790832, 47.5240845], [-52.794133, 47.524511], [-52.796569, 47.5242], [-52.799192500000004, 47.525759], [-52.801885, 47.527258], [-52.7995925, 47.5295145], [-52.801885, 47.527258], [-52.799192500000004, 47.525759], [-52.796569, 47.5242], [-52.794133, 47.524511], [-52.790832, 47.5240845], [-52.7867065, 47.523652999999996], [-52.7805, 47.523852], [-52.774114499999996, 47.5238195], [-52.770801000000006, 47.524606500000004], [-52.767719, 47.526108], [-52.764833, 47.526975], [-52.761264, 47.5282455], [-52.758736, 47.529922], [-52.75365, 47.53202], [-52.750122, 47.533785], [-52.75306500000001, 47.534048]]}}, {"type": "Feature", "properties": {"line": "F13", "type": "feeder", "headway_min": 20.0, "run_min": 31.3, "buses": 2, "flags": ["few stops: candidate for on-demand or merging into a trunk"]}, "geometry": {"type": "LineString", "coordinates": [[-52.75306500000001, 47.534048], [-52.750122, 47.533785], [-52.75365, 47.53202], [-52.758736, 47.529922], [-52.761264, 47.5282455], [-52.764833, 47.526975], [-52.767719, 47.526108], [-52.770801000000006, 47.524606500000004], [-52.774114499999996, 47.5238195], [-52.7805, 47.523852], [-52.7867065, 47.523652999999996], [-52.790832, 47.5240845], [-52.794133, 47.524511], [-52.796569, 47.5242], [-52.805657, 47.525612], [-52.8059065, 47.5286185], [-52.805657, 47.525612], [-52.796569, 47.5242], [-52.794133, 47.524511], [-52.790832, 47.5240845], [-52.7867065, 47.523652999999996], [-52.7805, 47.523852], [-52.774114499999996, 47.5238195], [-52.770801000000006, 47.524606500000004], [-52.767719, 47.526108], [-52.764833, 47.526975], [-52.761264, 47.5282455], [-52.758736, 47.529922], [-52.75365, 47.53202], [-52.750122, 47.533785], [-52.75306500000001, 47.534048]]}}, {"type": "Feature", "properties": {"line": "F14", "type": "feeder", "headway_min": 20.0, "run_min": 51.5, "buses": 3, "flags": ["long: these stops are far from any hub; consider on-demand service", "few stops: candidate for on-demand or merging into a trunk"]}, "geometry": {"type": "LineString", "coordinates": [[-52.75306500000001, 47.534048], [-52.750122, 47.533785], [-52.75365, 47.53202], [-52.758736, 47.529922], [-52.761264, 47.5282455], [-52.764833, 47.526975], [-52.767719, 47.526108], [-52.770801000000006, 47.524606500000004], [-52.774114499999996, 47.5238195], [-52.7805, 47.523852], [-52.7867065, 47.523652999999996], [-52.790832, 47.5240845], [-52.794133, 47.524511], [-52.796569, 47.5242], [-52.799192500000004, 47.525759], [-52.80915, 47.525792], [-52.812403, 47.527322], [-52.816556, 47.526103], [-52.814683, 47.524931], [-52.813372, 47.523711], [-52.813283, 47.525333], [-52.821817, 47.527414], [-52.824802, 47.52832], [-52.82968, 47.528931], [-52.831861, 47.525425], [-52.82968, 47.528931], [-52.824802, 47.52832], [-52.821817, 47.527414], [-52.813283, 47.525333], [-52.813372, 47.523711], [-52.814683, 47.524931], [-52.816556, 47.526103], [-52.812403, 47.527322], [-52.80915, 47.525792], [-52.799192500000004, 47.525759], [-52.796569, 47.5242], [-52.794133, 47.524511], [-52.790832, 47.5240845], [-52.7867065, 47.523652999999996], [-52.7805, 47.523852], [-52.774114499999996, 47.5238195], [-52.770801000000006, 47.524606500000004], [-52.767719, 47.526108], [-52.764833, 47.526975], [-52.761264, 47.5282455], [-52.758736, 47.529922], [-52.75365, 47.53202], [-52.750122, 47.533785], [-52.75306500000001, 47.534048]]}}, {"type": "Feature", "properties": {"line": "F15", "type": "feeder", "headway_min": 20.0, "run_min": 33.9, "buses": 2, "flags": ["few stops: candidate for on-demand or merging into a trunk"]}, "geometry": {"type": "LineString", "coordinates": [[-52.75306500000001, 47.534048], [-52.750122, 47.533785], [-52.75365, 47.53202], [-52.758736, 47.529922], [-52.761264, 47.5282455], [-52.764833, 47.526975], [-52.767719, 47.526108], [-52.770801000000006, 47.524606500000004], [-52.774114499999996, 47.5238195], [-52.7805, 47.523852], [-52.7867065, 47.523652999999996], [-52.790832, 47.5240845], [-52.794133, 47.524511], [-52.796569, 47.5242], [-52.799192500000004, 47.525759], [-52.80915, 47.525792], [-52.812403, 47.527322], [-52.80915, 47.525792], [-52.799192500000004, 47.525759], [-52.796569, 47.5242], [-52.794133, 47.524511], [-52.790832, 47.5240845], [-52.7867065, 47.523652999999996], [-52.7805, 47.523852], [-52.774114499999996, 47.5238195], [-52.770801000000006, 47.524606500000004], [-52.767719, 47.526108], [-52.764833, 47.526975], [-52.761264, 47.5282455], [-52.758736, 47.529922], [-52.75365, 47.53202], [-52.750122, 47.533785], [-52.75306500000001, 47.534048]]}}, {"type": "Feature", "properties": {"line": "F16", "type": "feeder", "headway_min": 20.0, "run_min": 57.0, "buses": 4, "flags": ["long: these stops are far from any hub; consider on-demand service", "few stops: candidate for on-demand or merging into a trunk"]}, "geometry": {"type": "LineString", "coordinates": [[-52.75306500000001, 47.534048], [-52.750122, 47.533785], [-52.75365, 47.53202], [-52.758736, 47.529922], [-52.761264, 47.5282455], [-52.764833, 47.526975], [-52.767719, 47.526108], [-52.770801000000006, 47.524606500000004], [-52.774114499999996, 47.5238195], [-52.7805, 47.523852], [-52.7867065, 47.523652999999996], [-52.790832, 47.5240845], [-52.794133, 47.524511], [-52.796569, 47.5242], [-52.799192500000004, 47.525759], [-52.80915, 47.525792], [-52.812403, 47.527322], [-52.816556, 47.526103], [-52.814683, 47.524931], [-52.813372, 47.523711], [-52.813283, 47.525333], [-52.821817, 47.527414], [-52.824802, 47.52832], [-52.82968, 47.528931], [-52.831861, 47.525425], [-52.837374, 47.523511], [-52.831861, 47.525425], [-52.82968, 47.528931], [-52.824802, 47.52832], [-52.821817, 47.527414], [-52.813283, 47.525333], [-52.813372, 47.523711], [-52.814683, 47.524931], [-52.816556, 47.526103], [-52.812403, 47.527322], [-52.80915, 47.525792], [-52.799192500000004, 47.525759], [-52.796569, 47.5242], [-52.794133, 47.524511], [-52.790832, 47.5240845], [-52.7867065, 47.523652999999996], [-52.7805, 47.523852], [-52.774114499999996, 47.5238195], [-52.770801000000006, 47.524606500000004], [-52.767719, 47.526108], [-52.764833, 47.526975], [-52.761264, 47.5282455], [-52.758736, 47.529922], [-52.75365, 47.53202], [-52.750122, 47.533785], [-52.75306500000001, 47.534048]]}}, {"type": "Feature", "properties": {"line": "F17", "type": "feeder", "headway_min": 20.0, "run_min": 36.0, "buses": 2, "flags": ["long: these stops are far from any hub; consider on-demand service", "few stops: candidate for on-demand or merging into a trunk"]}, "geometry": {"type": "LineString", "coordinates": [[-52.75306500000001, 47.534048], [-52.750122, 47.533785], [-52.75365, 47.53202], [-52.758736, 47.529922], [-52.761264, 47.5282455], [-52.764833, 47.526975], [-52.767719, 47.526108], [-52.770801000000006, 47.524606500000004], [-52.774114499999996, 47.5238195], [-52.7805, 47.523852], [-52.7867065, 47.523652999999996], [-52.790832, 47.5240845], [-52.794133, 47.524511], [-52.796569, 47.5242], [-52.799192500000004, 47.525759], [-52.80915, 47.525792], [-52.812403, 47.527322], [-52.816556, 47.526103], [-52.812403, 47.527322], [-52.80915, 47.525792], [-52.799192500000004, 47.525759], [-52.796569, 47.5242], [-52.794133, 47.524511], [-52.790832, 47.5240845], [-52.7867065, 47.523652999999996], [-52.7805, 47.523852], [-52.774114499999996, 47.5238195], [-52.770801000000006, 47.524606500000004], [-52.767719, 47.526108], [-52.764833, 47.526975], [-52.761264, 47.5282455], [-52.758736, 47.529922], [-52.75365, 47.53202], [-52.750122, 47.533785], [-52.75306500000001, 47.534048]]}}, {"type": "Feature", "properties": {"line": "F18", "type": "feeder", "headway_min": 20.0, "run_min": 30.4, "buses": 2, "flags": ["few stops: candidate for on-demand or merging into a trunk"]}, "geometry": {"type": "LineString", "coordinates": [[-52.75306500000001, 47.534048], [-52.750122, 47.533785], [-52.75365, 47.53202], [-52.758736, 47.529922], [-52.761264, 47.5282455], [-52.764833, 47.526975], [-52.767719, 47.526108], [-52.770801000000006, 47.524606500000004], [-52.774114499999996, 47.5238195], [-52.7805, 47.523852], [-52.7867065, 47.523652999999996], [-52.790832, 47.5240845], [-52.794133, 47.524511], [-52.796569, 47.5242], [-52.799192500000004, 47.525759], [-52.799439, 47.528128], [-52.799192500000004, 47.525759], [-52.796569, 47.5242], [-52.794133, 47.524511], [-52.790832, 47.5240845], [-52.7867065, 47.523652999999996], [-52.7805, 47.523852], [-52.774114499999996, 47.5238195], [-52.770801000000006, 47.524606500000004], [-52.767719, 47.526108], [-52.764833, 47.526975], [-52.761264, 47.5282455], [-52.758736, 47.529922], [-52.75365, 47.53202], [-52.750122, 47.533785], [-52.75306500000001, 47.534048]]}}, {"type": "Feature", "properties": {"line": "F19", "type": "feeder", "headway_min": 20.0, "run_min": 21.8, "buses": 2, "flags": ["few stops: candidate for on-demand or merging into a trunk"]}, "geometry": {"type": "LineString", "coordinates": [[-52.75306500000001, 47.534048], [-52.754456, 47.535667], [-52.756989, 47.539094], [-52.7579595, 47.539675], [-52.759528, 47.539097], [-52.7619015, 47.536892], [-52.764169, 47.535458], [-52.766953, 47.531461], [-52.770308, 47.529925], [-52.772492, 47.528464], [-52.773273, 47.527214], [-52.777442, 47.526497], [-52.778617, 47.529217], [-52.7765635, 47.530888], [-52.778617, 47.529217], [-52.777442, 47.526497], [-52.773273, 47.527214], [-52.772492, 47.528464], [-52.770308, 47.529925], [-52.766953, 47.531461], [-52.764169, 47.535458], [-52.7619015, 47.536892], [-52.759528, 47.539097], [-52.7579595, 47.539675], [-52.756989, 47.539094], [-52.754456, 47.535667], [-52.75306500000001, 47.534048]]}}, {"type": "Feature", "properties": {"line": "F20", "type": "feeder", "headway_min": 20.0, "run_min": 29.6, "buses": 2, "flags": ["few stops: candidate for on-demand or merging into a trunk"]}, "geometry": {"type": "LineString", "coordinates": [[-52.75306500000001, 47.534048], [-52.750122, 47.533785], [-52.75365, 47.53202], [-52.758736, 47.529922], [-52.761264, 47.5282455], [-52.764833, 47.526975], [-52.767719, 47.526108], [-52.770801000000006, 47.524606500000004], [-52.774114499999996, 47.5238195], [-52.7805, 47.523852], [-52.7867065, 47.523652999999996], [-52.790832, 47.5240845], [-52.794133, 47.524511], [-52.796569, 47.5242], [-52.799192500000004, 47.525759], [-52.801885, 47.527258], [-52.799192500000004, 47.525759], [-52.796569, 47.5242], [-52.794133, 47.524511], [-52.790832, 47.5240845], [-52.7867065, 47.523652999999996], [-52.7805, 47.523852], [-52.774114499999996, 47.5238195], [-52.770801000000006, 47.524606500000004], [-52.767719, 47.526108], [-52.764833, 47.526975], [-52.761264, 47.5282455], [-52.758736, 47.529922], [-52.75365, 47.53202], [-52.750122, 47.533785], [-52.75306500000001, 47.534048]]}}, {"type": "Feature", "properties": {"line": "F21", "type": "feeder", "headway_min": 20.0, "run_min": 39.0, "buses": 3, "flags": ["long: these stops are far from any hub; consider on-demand service", "few stops: candidate for on-demand or merging into a trunk"]}, "geometry": {"type": "LineString", "coordinates": [[-52.75306500000001, 47.534048], [-52.750122, 47.533785], [-52.75365, 47.53202], [-52.758736, 47.529922], [-52.761264, 47.5282455], [-52.764833, 47.526975], [-52.767719, 47.526108], [-52.770801000000006, 47.524606500000004], [-52.774114499999996, 47.5238195], [-52.7805, 47.523852], [-52.7867065, 47.523652999999996], [-52.790832, 47.5240845], [-52.794133, 47.524511], [-52.796569, 47.5242], [-52.799192500000004, 47.525759], [-52.80915, 47.525792], [-52.812403, 47.527322], [-52.816556, 47.526103], [-52.814683, 47.524931], [-52.813372, 47.523711], [-52.813283, 47.525333], [-52.813372, 47.523711], [-52.814683, 47.524931], [-52.816556, 47.526103], [-52.812403, 47.527322], [-52.80915, 47.525792], [-52.799192500000004, 47.525759], [-52.796569, 47.5242], [-52.794133, 47.524511], [-52.790832, 47.5240845], [-52.7867065, 47.523652999999996], [-52.7805, 47.523852], [-52.774114499999996, 47.5238195], [-52.770801000000006, 47.524606500000004], [-52.767719, 47.526108], [-52.764833, 47.526975], [-52.761264, 47.5282455], [-52.758736, 47.529922], [-52.75365, 47.53202], [-52.750122, 47.533785], [-52.75306500000001, 47.534048]]}}, {"type": "Feature", "properties": {"line": "F22", "type": "feeder", "headway_min": 20.0, "run_min": 32.6, "buses": 2, "flags": ["few stops: candidate for on-demand or merging into a trunk"]}, "geometry": {"type": "LineString", "coordinates": [[-52.75306500000001, 47.534048], [-52.750122, 47.533785], [-52.75365, 47.53202], [-52.758736, 47.529922], [-52.761264, 47.5282455], [-52.764833, 47.526975], [-52.767719, 47.526108], [-52.770801000000006, 47.524606500000004], [-52.774114499999996, 47.5238195], [-52.7805, 47.523852], [-52.7867065, 47.523652999999996], [-52.790832, 47.5240845], [-52.794133, 47.524511], [-52.796569, 47.5242], [-52.799192500000004, 47.525759], [-52.80915, 47.525792], [-52.799192500000004, 47.525759], [-52.796569, 47.5242], [-52.794133, 47.524511], [-52.790832, 47.5240845], [-52.7867065, 47.523652999999996], [-52.7805, 47.523852], [-52.774114499999996, 47.5238195], [-52.770801000000006, 47.524606500000004], [-52.767719, 47.526108], [-52.764833, 47.526975], [-52.761264, 47.5282455], [-52.758736, 47.529922], [-52.75365, 47.53202], [-52.750122, 47.533785], [-52.75306500000001, 47.534048]]}}, {"type": "Feature", "properties": {"line": "F23", "type": "feeder", "headway_min": 20.0, "run_min": 36.9, "buses": 3, "flags": ["long: these stops are far from any hub; consider on-demand service", "few stops: candidate for on-demand or merging into a trunk"]}, "geometry": {"type": "LineString", "coordinates": [[-52.75306500000001, 47.534048], [-52.750122, 47.533785], [-52.75365, 47.53202], [-52.758736, 47.529922], [-52.761264, 47.5282455], [-52.764833, 47.526975], [-52.767719, 47.526108], [-52.770801000000006, 47.524606500000004], [-52.774114499999996, 47.5238195], [-52.7805, 47.523852], [-52.7867065, 47.523652999999996], [-52.790832, 47.5240845], [-52.794133, 47.524511], [-52.796569, 47.5242], [-52.799192500000004, 47.525759], [-52.80915, 47.525792], [-52.812403, 47.527322], [-52.816556, 47.526103], [-52.814683, 47.524931], [-52.816556, 47.526103], [-52.812403, 47.527322], [-52.80915, 47.525792], [-52.799192500000004, 47.525759], [-52.796569, 47.5242], [-52.794133, 47.524511], [-52.790832, 47.5240845], [-52.7867065, 47.523652999999996], [-52.7805, 47.523852], [-52.774114499999996, 47.5238195], [-52.770801000000006, 47.524606500000004], [-52.767719, 47.526108], [-52.764833, 47.526975], [-52.761264, 47.5282455], [-52.758736, 47.529922], [-52.75365, 47.53202], [-52.750122, 47.533785], [-52.75306500000001, 47.534048]]}}, {"type": "Feature", "properties": {"line": "F24", "type": "feeder", "headway_min": 20.0, "run_min": 11.5, "buses": 1, "flags": ["few stops: candidate for on-demand or merging into a trunk"]}, "geometry": {"type": "LineString", "coordinates": [[-52.75306500000001, 47.534048], [-52.754456, 47.535667], [-52.756989, 47.539094], [-52.7579595, 47.539675], [-52.759528, 47.539097], [-52.7619015, 47.536892], [-52.76353, 47.535789], [-52.766281, 47.532028], [-52.76353, 47.535789], [-52.7619015, 47.536892], [-52.759528, 47.539097], [-52.7579595, 47.539675], [-52.756989, 47.539094], [-52.754456, 47.535667], [-52.75306500000001, 47.534048]]}}, {"type": "Feature", "properties": {"line": "F25", "type": "feeder", "headway_min": 20.0, "run_min": 30.2, "buses": 2, "flags": ["few stops: candidate for on-demand or merging into a trunk"]}, "geometry": {"type": "LineString", "coordinates": [[-52.75306500000001, 47.534048], [-52.750122, 47.533785], [-52.75365, 47.53202], [-52.758736, 47.529922], [-52.761264, 47.5282455], [-52.764833, 47.526975], [-52.767719, 47.526108], [-52.770801000000006, 47.524606500000004], [-52.774114499999996, 47.5238195], [-52.7805, 47.523852], [-52.7867065, 47.523652999999996], [-52.790832, 47.5240845], [-52.794133, 47.524511], [-52.796569, 47.5242], [-52.805657, 47.525612], [-52.796569, 47.5242], [-52.794133, 47.524511], [-52.790832, 47.5240845], [-52.7867065, 47.523652999999996], [-52.7805, 47.523852], [-52.774114499999996, 47.5238195], [-52.770801000000006, 47.524606500000004], [-52.767719, 47.526108], [-52.764833, 47.526975], [-52.761264, 47.5282455], [-52.758736, 47.529922], [-52.75365, 47.53202], [-52.750122, 47.533785], [-52.75306500000001, 47.534048]]}}, {"type": "Feature", "properties": {"line": "F26", "type": "feeder", "headway_min": 20.0, "run_min": 58.2, "buses": 4, "flags": ["long: these stops are far from any hub; consider on-demand service", "few stops: candidate for on-demand or merging into a trunk"]}, "geometry": {"type": "LineString", "coordinates": [[-52.75306500000001, 47.534048], [-52.750122, 47.533785], [-52.75365, 47.53202], [-52.758736, 47.529922], [-52.761264, 47.5282455], [-52.764833, 47.526975], [-52.767719, 47.526108], [-52.770801000000006, 47.524606500000004], [-52.774114499999996, 47.5238195], [-52.7805, 47.523852], [-52.7867065, 47.523652999999996], [-52.790832, 47.5240845], [-52.794133, 47.524511], [-52.796569, 47.5242], [-52.799192500000004, 47.525759], [-52.80915, 47.525792], [-52.812403, 47.527322], [-52.816556, 47.526103], [-52.814683, 47.524931], [-52.813372, 47.523711], [-52.813283, 47.525333], [-52.821817, 47.527414], [-52.824802, 47.52832], [-52.82968, 47.528931], [-52.831861, 47.525425], [-52.837374, 47.523511], [-52.83881, 47.519817], [-52.837374, 47.523511], [-52.831861, 47.525425], [-52.82968, 47.528931], [-52.824802, 47.52832], [-52.821817, 47.527414], [-52.813283, 47.525333], [-52.813372, 47.523711], [-52.814683, 47.524931], [-52.816556, 47.526103], [-52.812403, 47.527322], [-52.80915, 47.525792], [-52.799192500000004, 47.525759], [-52.796569, 47.5242], [-52.794133, 47.524511], [-52.790832, 47.5240845], [-52.7867065, 47.523652999999996], [-52.7805, 47.523852], [-52.774114499999996, 47.5238195], [-52.770801000000006, 47.524606500000004], [-52.767719, 47.526108], [-52.764833, 47.526975], [-52.761264, 47.5282455], [-52.758736, 47.529922], [-52.75365, 47.53202], [-52.750122, 47.533785], [-52.75306500000001, 47.534048]]}}, {"type": "Feature", "properties": {"line": "F27", "type": "feeder", "headway_min": 20.0, "run_min": 32.9, "buses": 2, "flags": ["few stops: candidate for on-demand or merging into a trunk"]}, "geometry": {"type": "LineString", "coordinates": [[-52.75306500000001, 47.534048], [-52.750122, 47.533785], [-52.75365, 47.53202], [-52.758736, 47.529922], [-52.761264, 47.5282455], [-52.764833, 47.526975], [-52.767719, 47.526108], [-52.770801000000006, 47.524606500000004], [-52.774114499999996, 47.5238195], [-52.7805, 47.523852], [-52.7867065, 47.523652999999996], [-52.790832, 47.5240845], [-52.794133, 47.524511], [-52.796569, 47.5242], [-52.805657, 47.525612], [-52.8059065, 47.5286185], [-52.806109, 47.524965], [-52.8059065, 47.5286185], [-52.805657, 47.525612], [-52.796569, 47.5242], [-52.794133, 47.524511], [-52.790832, 47.5240845], [-52.7867065, 47.523652999999996], [-52.7805, 47.523852], [-52.774114499999996, 47.5238195], [-52.770801000000006, 47.524606500000004], [-52.767719, 47.526108], [-52.764833, 47.526975], [-52.761264, 47.5282455], [-52.758736, 47.529922], [-52.75365, 47.53202], [-52.750122, 47.533785], [-52.75306500000001, 47.534048]]}}, {"type": "Feature", "properties": {"line": "F28", "type": "feeder", "headway_min": 20.0, "run_min": 38.0, "buses": 3, "flags": ["long: these stops are far from any hub; consider on-demand service", "few stops: candidate for on-demand or merging into a trunk"]}, "geometry": {"type": "LineString", "coordinates": [[-52.75306500000001, 47.534048], [-52.750122, 47.533785], [-52.75365, 47.53202], [-52.758736, 47.529922], [-52.761264, 47.5282455], [-52.764833, 47.526975], [-52.767719, 47.526108], [-52.770801000000006, 47.524606500000004], [-52.774114499999996, 47.5238195], [-52.7805, 47.523852], [-52.7867065, 47.523652999999996], [-52.790832, 47.5240845], [-52.794133, 47.524511], [-52.796569, 47.5242], [-52.799192500000004, 47.525759], [-52.80915, 47.525792], [-52.812403, 47.527322], [-52.816556, 47.526103], [-52.814683, 47.524931], [-52.813372, 47.523711], [-52.814683, 47.524931], [-52.816556, 47.526103], [-52.812403, 47.527322], [-52.80915, 47.525792], [-52.799192500000004, 47.525759], [-52.796569, 47.5242], [-52.794133, 47.524511], [-52.790832, 47.5240845], [-52.7867065, 47.523652999999996], [-52.7805, 47.523852], [-52.774114499999996, 47.5238195], [-52.770801000000006, 47.524606500000004], [-52.767719, 47.526108], [-52.764833, 47.526975], [-52.761264, 47.5282455], [-52.758736, 47.529922], [-52.75365, 47.53202], [-52.750122, 47.533785], [-52.75306500000001, 47.534048]]}}, {"type": "Feature", "properties": {"line": "F29", "type": "feeder", "headway_min": 20.0, "run_min": 39.7, "buses": 3, "flags": ["long: these stops are far from any hub; consider on-demand service", "few stops: candidate for on-demand or merging into a trunk"]}, "geometry": {"type": "LineString", "coordinates": [[-52.75306500000001, 47.534048], [-52.750122, 47.533785], [-52.75365, 47.53202], [-52.758736, 47.529922], [-52.761264, 47.5282455], [-52.764833, 47.526975], [-52.767719, 47.526108], [-52.770801000000006, 47.524606500000004], [-52.774114499999996, 47.5238195], [-52.7805, 47.523852], [-52.777711, 47.5221555], [-52.7783355, 47.520519500000006], [-52.783207000000004, 47.519966499999995], [-52.786334, 47.520031], [-52.7881745, 47.5197015], [-52.790883, 47.5195], [-52.792485, 47.519368], [-52.796497, 47.519478], [-52.799666, 47.519608], [-52.803, 47.519833], [-52.805833, 47.520333], [-52.810339, 47.520269], [-52.813167, 47.519981], [-52.815422, 47.519567], [-52.818961, 47.52018], [-52.820236, 47.52161], [-52.827647, 47.521231], [-52.820236, 47.52161], [-52.818961, 47.52018], [-52.815422, 47.519567], [-52.813167, 47.519981], [-52.810339, 47.520269], [-52.805833, 47.520333], [-52.803, 47.519833], [-52.799666, 47.519608], [-52.796497, 47.519478], [-52.792485, 47.519368], [-52.790883, 47.5195], [-52.7881745, 47.5197015], [-52.786334, 47.520031], [-52.783207000000004, 47.519966499999995], [-52.7783355, 47.520519500000006], [-52.777711, 47.5221555], [-52.7805, 47.523852], [-52.774114499999996, 47.5238195], [-52.770801000000006, 47.524606500000004], [-52.767719, 47.526108], [-52.764833, 47.526975], [-52.761264, 47.5282455], [-52.758736, 47.529922], [-52.75365, 47.53202], [-52.750122, 47.533785], [-52.75306500000001, 47.534048]]}}, {"type": "Feature", "properties": {"line": "F30", "type": "feeder", "headway_min": 20.0, "run_min": 28.4, "buses": 2, "flags": ["few stops: candidate for on-demand or merging into a trunk"]}, "geometry": {"type": "LineString", "coordinates": [[-52.75306500000001, 47.534048], [-52.750122, 47.533785], [-52.75365, 47.53202], [-52.758736, 47.529922], [-52.761264, 47.5282455], [-52.764833, 47.526975], [-52.767719, 47.526108], [-52.770801000000006, 47.524606500000004], [-52.774114499999996, 47.5238195], [-52.7805, 47.523852], [-52.7867065, 47.523652999999996], [-52.790832, 47.5240845], [-52.794133, 47.524511], [-52.796569, 47.5242], [-52.799192500000004, 47.525759], [-52.796569, 47.5242], [-52.794133, 47.524511], [-52.790832, 47.5240845], [-52.7867065, 47.523652999999996], [-52.7805, 47.523852], [-52.774114499999996, 47.5238195], [-52.770801000000006, 47.524606500000004], [-52.767719, 47.526108], [-52.764833, 47.526975], [-52.761264, 47.5282455], [-52.758736, 47.529922], [-52.75365, 47.53202], [-52.750122, 47.533785], [-52.75306500000001, 47.534048]]}}, {"type": "Feature", "properties": {"line": "F31", "type": "feeder", "headway_min": 20.0, "run_min": 40.3, "buses": 3, "flags": ["long: these stops are far from any hub; consider on-demand service", "few stops: candidate for on-demand or merging into a trunk"]}, "geometry": {"type": "LineString", "coordinates": [[-52.75306500000001, 47.534048], [-52.750122, 47.533785], [-52.75365, 47.53202], [-52.758736, 47.529922], [-52.761264, 47.5282455], [-52.764833, 47.526975], [-52.767719, 47.526108], [-52.770801000000006, 47.524606500000004], [-52.774114499999996, 47.5238195], [-52.7805, 47.523852], [-52.777711, 47.5221555], [-52.7783355, 47.520519500000006], [-52.783207000000004, 47.519966499999995], [-52.786334, 47.520031], [-52.7881745, 47.5197015], [-52.790883, 47.5195], [-52.792485, 47.519368], [-52.796497, 47.519478], [-52.799666, 47.519608], [-52.803, 47.519833], [-52.805833, 47.520333], [-52.810339, 47.520269], [-52.813167, 47.519981], [-52.815422, 47.519567], [-52.818961, 47.52018], [-52.820236, 47.52161], [-52.827647, 47.521231], [-52.828903, 47.520239], [-52.827647, 47.521231], [-52.820236, 47.52161], [-52.818961, 47.52018], [-52.815422, 47.519567], [-52.813167, 47.519981], [-52.810339, 47.520269], [-52.805833, 47.520333], [-52.803, 47.519833], [-52.799666, 47.519608], [-52.796497, 47.519478], [-52.792485, 47.519368], [-52.790883, 47.5195], [-52.7881745, 47.5197015], [-52.786334, 47.520031], [-52.783207000000004, 47.519966499999995], [-52.7783355, 47.520519500000006], [-52.777711, 47.5221555], [-52.7805, 47.523852], [-52.774114499999996, 47.5238195], [-52.770801000000006, 47.524606500000004], [-52.767719, 47.526108], [-52.764833, 47.526975], [-52.761264, 47.5282455], [-52.758736, 47.529922], [-52.75365, 47.53202], [-52.750122, 47.533785], [-52.75306500000001, 47.534048]]}}, {"type": "Feature", "properties": {"line": "F32", "type": "feeder", "headway_min": 20.0, "run_min": 37.0, "buses": 3, "flags": ["long: these stops are far from any hub; consider on-demand service", "few stops: candidate for on-demand or merging into a trunk"]}, "geometry": {"type": "LineString", "coordinates": [[-52.75306500000001, 47.534048], [-52.750122, 47.533785], [-52.75365, 47.53202], [-52.758736, 47.529922], [-52.761264, 47.5282455], [-52.764833, 47.526975], [-52.767719, 47.526108], [-52.770801000000006, 47.524606500000004], [-52.774114499999996, 47.5238195], [-52.7805, 47.523852], [-52.777711, 47.5221555], [-52.7783355, 47.520519500000006], [-52.783207000000004, 47.519966499999995], [-52.786334, 47.520031], [-52.7881745, 47.5197015], [-52.790883, 47.5195], [-52.792485, 47.519368], [-52.796497, 47.519478], [-52.799666, 47.519608], [-52.803, 47.519833], [-52.805833, 47.520333], [-52.810339, 47.520269], [-52.813167, 47.519981], [-52.815422, 47.519567], [-52.818961, 47.52018], [-52.820236, 47.52161], [-52.818961, 47.52018], [-52.815422, 47.519567], [-52.813167, 47.519981], [-52.810339, 47.520269], [-52.805833, 47.520333], [-52.803, 47.519833], [-52.799666, 47.519608], [-52.796497, 47.519478], [-52.792485, 47.519368], [-52.790883, 47.5195], [-52.7881745, 47.5197015], [-52.786334, 47.520031], [-52.783207000000004, 47.519966499999995], [-52.7783355, 47.520519500000006], [-52.777711, 47.5221555], [-52.7805, 47.523852], [-52.774114499999996, 47.5238195], [-52.770801000000006, 47.524606500000004], [-52.767719, 47.526108], [-52.764833, 47.526975], [-52.761264, 47.5282455], [-52.758736, 47.529922], [-52.75365, 47.53202], [-52.750122, 47.533785], [-52.75306500000001, 47.534048]]}}, {"type": "Feature", "properties": {"line": "F33", "type": "feeder", "headway_min": 20.0, "run_min": 19.9, "buses": 2, "flags": ["few stops: candidate for on-demand or merging into a trunk"]}, "geometry": {"type": "LineString", "coordinates": [[-52.75306500000001, 47.534048], [-52.754456, 47.535667], [-52.756989, 47.539094], [-52.7579595, 47.539675], [-52.759528, 47.539097], [-52.7619015, 47.536892], [-52.764169, 47.535458], [-52.766953, 47.531461], [-52.770308, 47.529925], [-52.772492, 47.528464], [-52.773273, 47.527214], [-52.777442, 47.526497], [-52.778617, 47.529217], [-52.777442, 47.526497], [-52.773273, 47.527214], [-52.772492, 47.528464], [-52.770308, 47.529925], [-52.766953, 47.531461], [-52.764169, 47.535458], [-52.7619015, 47.536892], [-52.759528, 47.539097], [-52.7579595, 47.539675], [-52.756989, 47.539094], [-52.754456, 47.535667], [-52.75306500000001, 47.534048]]}}, {"type": "Feature", "properties": {"line": "F34", "type": "feeder", "headway_min": 20.0, "run_min": 38.2, "buses": 3, "flags": ["long: these stops are far from any hub; consider on-demand service", "few stops: candidate for on-demand or merging into a trunk"]}, "geometry": {"type": "LineString", "coordinates": [[-52.75306500000001, 47.534048], [-52.750122, 47.533785], [-52.75365, 47.53202], [-52.758736, 47.529922], [-52.761264, 47.5282455], [-52.764833, 47.526975], [-52.767719, 47.526108], [-52.770801000000006, 47.524606500000004], [-52.774114499999996, 47.5238195], [-52.7805, 47.523852], [-52.777711, 47.5221555], [-52.7783355, 47.520519500000006], [-52.783207000000004, 47.519966499999995], [-52.786334, 47.520031], [-52.7881745, 47.5197015], [-52.790883, 47.5195], [-52.792485, 47.519368], [-52.796497, 47.519478], [-52.799666, 47.519608], [-52.803, 47.519833], [-52.805833, 47.520333], [-52.810339, 47.520269], [-52.813167, 47.519981], [-52.815422, 47.519567], [-52.8185195, 47.5187525], [-52.821947, 47.518647], [-52.823794, 47.520392], [-52.821947, 47.518647], [-52.8185195, 47.5187525], [-52.815422, 47.519567], [-52.813167, 47.519981], [-52.810339, 47.520269], [-52.805833, 47.520333], [-52.803, 47.519833], [-52.799666, 47.519608], [-52.796497, 47.519478], [-52.792485, 47.519368], [-52.790883, 47.5195], [-52.7881745, 47.5197015], [-52.786334, 47.520031], [-52.783207000000004, 47.519966499999995], [-52.7783355, 47.520519500000006], [-52.777711, 47.5221555], [-52.7805, 47.523852], [-52.774114499999996, 47.5238195], [-52.770801000000006, 47.524606500000004], [-52.767719, 47.526108], [-52.764833, 47.526975], [-52.761264, 47.5282455], [-52.758736, 47.529922], [-52.75365, 47.53202], [-52.750122, 47.533785], [-52.75306500000001, 47.534048]]}}, {"type": "Feature", "properties": {"line": "F35", "type": "feeder", "headway_min": 20.0, "run_min": 53.2, "buses": 3, "flags": ["long: these stops are far from any hub; consider on-demand service", "few stops: candidate for on-demand or merging into a trunk"]}, "geometry": {"type": "LineString", "coordinates": [[-52.75306500000001, 47.534048], [-52.750122, 47.533785], [-52.75365, 47.53202], [-52.758736, 47.529922], [-52.761264, 47.5282455], [-52.764833, 47.526975], [-52.767719, 47.526108], [-52.770801000000006, 47.524606500000004], [-52.774114499999996, 47.5238195], [-52.7805, 47.523852], [-52.777711, 47.5221555], [-52.7783355, 47.520519500000006], [-52.783207000000004, 47.519966499999995], [-52.786334, 47.520031], [-52.7881745, 47.5197015], [-52.789156, 47.518666], [-52.793, 47.516666], [-52.79683, 47.51641], [-52.804235, 47.513538], [-52.808216, 47.511009], [-52.810342, 47.511372], [-52.816914, 47.511524], [-52.814033, 47.508242], [-52.81626, 47.506286], [-52.819788, 47.506477], [-52.821171, 47.508686], [-52.824779, 47.512056], [-52.82741, 47.512451], [-52.83237, 47.513011], [-52.834956, 47.514631], [-52.835814, 47.516867], [-52.834956, 47.514631], [-52.83237, 47.513011], [-52.82741, 47.512451], [-52.824779, 47.512056], [-52.821171, 47.508686], [-52.819788, 47.506477], [-52.81626, 47.506286], [-52.814033, 47.508242], [-52.816914, 47.511524], [-52.810342, 47.511372], [-52.808216, 47.511009], [-52.804235, 47.513538], [-52.79683, 47.51641], [-52.793, 47.516666], [-52.789156, 47.518666], [-52.7881745, 47.5197015], [-52.786334, 47.520031], [-52.783207000000004, 47.519966499999995], [-52.7783355, 47.520519500000006], [-52.777711, 47.5221555], [-52.7805, 47.523852], [-52.774114499999996, 47.5238195], [-52.770801000000006, 47.524606500000004], [-52.767719, 47.526108], [-52.764833, 47.526975], [-52.761264, 47.5282455], [-52.758736, 47.529922], [-52.75365, 47.53202], [-52.750122, 47.533785], [-52.75306500000001, 47.534048]]}}, {"type": "Feature", "properties": {"line": "F36", "type": "feeder", "headway_min": 20.0, "run_min": 36.2, "buses": 2, "flags": ["long: these stops are far from any hub; consider on-demand service", "few stops: candidate for on-demand or merging into a trunk"]}, "geometry": {"type": "LineString", "coordinates": [[-52.75306500000001, 47.534048], [-52.750122, 47.533785], [-52.75365, 47.53202], [-52.758736, 47.529922], [-52.761264, 47.5282455], [-52.764833, 47.526975], [-52.767719, 47.526108], [-52.770801000000006, 47.524606500000004], [-52.774114499999996, 47.5238195], [-52.7805, 47.523852], [-52.777711, 47.5221555], [-52.7783355, 47.520519500000006], [-52.783207000000004, 47.519966499999995], [-52.786334, 47.520031], [-52.7881745, 47.5197015], [-52.790883, 47.5195], [-52.792485, 47.519368], [-52.796497, 47.519478], [-52.799666, 47.519608], [-52.803, 47.519833], [-52.805833, 47.520333], [-52.810339, 47.520269], [-52.813167, 47.519981], [-52.815422, 47.519567], [-52.818961, 47.52018], [-52.815422, 47.519567], [-52.813167, 47.519981], [-52.810339, 47.520269], [-52.805833, 47.520333], [-52.803, 47.519833], [-52.799666, 47.519608], [-52.796497, 47.519478], [-52.792485, 47.519368], [-52.790883, 47.5195], [-52.7881745, 47.5197015], [-52.786334, 47.520031], [-52.783207000000004, 47.519966499999995], [-52.7783355, 47.520519500000006], [-52.777711, 47.5221555], [-52.7805, 47.523852], [-52.774114499999996, 47.5238195], [-52.770801000000006, 47.524606500000004], [-52.767719, 47.526108], [-52.764833, 47.526975], [-52.761264, 47.5282455], [-52.758736, 47.529922], [-52.75365, 47.53202], [-52.750122, 47.533785], [-52.75306500000001, 47.534048]]}}, {"type": "Feature", "properties": {"line": "F37", "type": "feeder", "headway_min": 20.0, "run_min": 41.6, "buses": 3, "flags": ["long: these stops are far from any hub; consider on-demand service", "few stops: candidate for on-demand or merging into a trunk"]}, "geometry": {"type": "LineString", "coordinates": [[-52.75306500000001, 47.534048], [-52.750122, 47.533785], [-52.75365, 47.53202], [-52.758736, 47.529922], [-52.761264, 47.5282455], [-52.764833, 47.526975], [-52.767719, 47.526108], [-52.770801000000006, 47.524606500000004], [-52.774114499999996, 47.5238195], [-52.7805, 47.523852], [-52.777711, 47.5221555], [-52.7783355, 47.520519500000006], [-52.783207000000004, 47.519966499999995], [-52.786334, 47.520031], [-52.7881745, 47.5197015], [-52.790883, 47.5195], [-52.792485, 47.519368], [-52.796497, 47.519478], [-52.799666, 47.519608], [-52.803, 47.519833], [-52.805833, 47.520333], [-52.810339, 47.520269], [-52.813167, 47.519981], [-52.815422, 47.519567], [-52.818961, 47.52018], [-52.820236, 47.52161], [-52.827647, 47.521231], [-52.828903, 47.520239], [-52.828, 47.518166], [-52.828903, 47.520239], [-52.827647, 47.521231], [-52.820236, 47.52161], [-52.818961, 47.52018], [-52.815422, 47.519567], [-52.813167, 47.519981], [-52.810339, 47.520269], [-52.805833, 47.520333], [-52.803, 47.519833], [-52.799666, 47.519608], [-52.796497, 47.519478], [-52.792485, 47.519368], [-52.790883, 47.5195], [-52.7881745, 47.5197015], [-52.786334, 47.520031], [-52.783207000000004, 47.519966499999995], [-52.7783355, 47.520519500000006], [-52.777711, 47.5221555], [-52.7805, 47.523852], [-52.774114499999996, 47.5238195], [-52.770801000000006, 47.524606500000004], [-52.767719, 47.526108], [-52.764833, 47.526975], [-52.761264, 47.5282455], [-52.758736, 47.529922], [-52.75365, 47.53202], [-52.750122, 47.533785], [-52.75306500000001, 47.534048]]}}, {"type": "Feature", "properties": {"line": "F38", "type": "feeder", "headway_min": 20.0, "run_min": 30.4, "buses": 2, "flags": ["few stops: candidate for on-demand or merging into a trunk"]}, "geometry": {"type": "LineString", "coordinates": [[-52.75306500000001, 47.534048], [-52.750122, 47.533785], [-52.75365, 47.53202], [-52.758736, 47.529922], [-52.761264, 47.5282455], [-52.764833, 47.526975], [-52.767719, 47.526108], [-52.770801000000006, 47.524606500000004], [-52.774114499999996, 47.5238195], [-52.7805, 47.523852], [-52.7867065, 47.523652999999996], [-52.790832, 47.5240845], [-52.795065, 47.524192], [-52.79901, 47.523649], [-52.801661, 47.523362], [-52.79901, 47.523649], [-52.795065, 47.524192], [-52.790832, 47.5240845], [-52.7867065, 47.523652999999996], [-52.7805, 47.523852], [-52.774114499999996, 47.5238195], [-52.770801000000006, 47.524606500000004], [-52.767719, 47.526108], [-52.764833, 47.526975], [-52.761264, 47.5282455], [-52.758736, 47.529922], [-52.75365, 47.53202], [-52.750122, 47.533785], [-52.75306500000001, 47.534048]]}}, {"type": "Feature", "properties": {"line": "F39", "type": "feeder", "headway_min": 20.0, "run_min": 37.2, "buses": 3, "flags": ["long: these stops are far from any hub; consider on-demand service", "few stops: candidate for on-demand or merging into a trunk"]}, "geometry": {"type": "LineString", "coordinates": [[-52.75306500000001, 47.534048], [-52.750122, 47.533785], [-52.75365, 47.53202], [-52.758736, 47.529922], [-52.761264, 47.5282455], [-52.764833, 47.526975], [-52.767719, 47.526108], [-52.770801000000006, 47.524606500000004], [-52.774114499999996, 47.5238195], [-52.7805, 47.523852], [-52.777711, 47.5221555], [-52.7783355, 47.520519500000006], [-52.783207000000004, 47.519966499999995], [-52.786334, 47.520031], [-52.7881745, 47.5197015], [-52.790883, 47.5195], [-52.792485, 47.519368], [-52.796497, 47.519478], [-52.799666, 47.519608], [-52.803, 47.519833], [-52.805833, 47.520333], [-52.810339, 47.520269], [-52.813167, 47.519981], [-52.815422, 47.519567], [-52.8185195, 47.5187525], [-52.821947, 47.518647], [-52.8185195, 47.5187525], [-52.815422, 47.519567], [-52.813167, 47.519981], [-52.810339, 47.520269], [-52.805833, 47.520333], [-52.803, 47.519833], [-52.799666, 47.519608], [-52.796497, 47.519478], [-52.792485, 47.519368], [-52.790883, 47.5195], [-52.7881745, 47.5197015], [-52.786334, 47.520031], [-52.783207000000004, 47.519966499999995], [-52.7783355, 47.520519500000006], [-52.777711, 47.5221555], [-52.7805, 47.523852], [-52.774114499999996, 47.5238195], [-52.770801000000006, 47.524606500000004], [-52.767719, 47.526108], [-52.764833, 47.526975], [-52.761264, 47.5282455], [-52.758736, 47.529922], [-52.75365, 47.53202], [-52.750122, 47.533785], [-52.75306500000001, 47.534048]]}}, {"type": "Feature", "properties": {"line": "F40", "type": "feeder", "headway_min": 20.0, "run_min": 30.9, "buses": 2, "flags": ["few stops: candidate for on-demand or merging into a trunk"]}, "geometry": {"type": "LineString", "coordinates": [[-52.75306500000001, 47.534048], [-52.750122, 47.533785], [-52.75365, 47.53202], [-52.758736, 47.529922], [-52.761264, 47.5282455], [-52.764833, 47.526975], [-52.767719, 47.526108], [-52.770801000000006, 47.524606500000004], [-52.774114499999996, 47.5238195], [-52.7805, 47.523852], [-52.7867065, 47.523652999999996], [-52.790832, 47.5240845], [-52.794133, 47.524511], [-52.796569, 47.5242], [-52.794133, 47.524511], [-52.790832, 47.5240845], [-52.795065, 47.524192], [-52.79901, 47.523649], [-52.795065, 47.524192], [-52.790832, 47.5240845], [-52.7867065, 47.523652999999996], [-52.7805, 47.523852], [-52.774114499999996, 47.5238195], [-52.770801000000006, 47.524606500000004], [-52.767719, 47.526108], [-52.764833, 47.526975], [-52.761264, 47.5282455], [-52.758736, 47.529922], [-52.75365, 47.53202], [-52.750122, 47.533785], [-52.75306500000001, 47.534048]]}}, {"type": "Feature", "properties": {"line": "F41", "type": "feeder", "headway_min": 20.0, "run_min": 34.6, "buses": 2, "flags": ["long: these stops are far from any hub; consider on-demand service", "few stops: candidate for on-demand or merging into a trunk"]}, "geometry": {"type": "LineString", "coordinates": [[-52.75306500000001, 47.534048], [-52.750122, 47.533785], [-52.75365, 47.53202], [-52.758736, 47.529922], [-52.761264, 47.5282455], [-52.764833, 47.526975], [-52.767719, 47.526108], [-52.770801000000006, 47.524606500000004], [-52.774114499999996, 47.5238195], [-52.7805, 47.523852], [-52.7867065, 47.523652999999996], [-52.790832, 47.5240845], [-52.795065, 47.524192], [-52.79901, 47.523649], [-52.801661, 47.523362], [-52.807372, 47.521681], [-52.801661, 47.523362], [-52.79901, 47.523649], [-52.795065, 47.524192], [-52.790832, 47.5240845], [-52.7867065, 47.523652999999996], [-52.7805, 47.523852], [-52.774114499999996, 47.5238195], [-52.770801000000006, 47.524606500000004], [-52.767719, 47.526108], [-52.764833, 47.526975], [-52.761264, 47.5282455], [-52.758736, 47.529922], [-52.75365, 47.53202], [-52.750122, 47.533785], [-52.75306500000001, 47.534048]]}}, {"type": "Feature", "properties": {"line": "F42", "type": "feeder", "headway_min": 20.0, "run_min": 21.5, "buses": 2, "flags": ["few stops: candidate for on-demand or merging into a trunk"]}, "geometry": {"type": "LineString", "coordinates": [[-52.75306500000001, 47.534048], [-52.750122, 47.533785], [-52.75365, 47.53202], [-52.758736, 47.529922], [-52.761264, 47.5282455], [-52.764833, 47.526975], [-52.767719, 47.526108], [-52.77001, 47.52568], [-52.7715355, 47.5279335], [-52.774842, 47.526466], [-52.778281, 47.528202], [-52.774842, 47.526466], [-52.7715355, 47.5279335], [-52.77001, 47.52568], [-52.767719, 47.526108], [-52.764833, 47.526975], [-52.761264, 47.5282455], [-52.758736, 47.529922], [-52.75365, 47.53202], [-52.750122, 47.533785], [-52.75306500000001, 47.534048]]}}, {"type": "Feature", "properties": {"line": "F43", "type": "feeder", "headway_min": 20.0, "run_min": 26.2, "buses": 2, "flags": ["few stops: candidate for on-demand or merging into a trunk"]}, "geometry": {"type": "LineString", "coordinates": [[-52.75306500000001, 47.534048], [-52.750122, 47.533785], [-52.75365, 47.53202], [-52.758736, 47.529922], [-52.761264, 47.5282455], [-52.764833, 47.526975], [-52.767719, 47.526108], [-52.770801000000006, 47.524606500000004], [-52.774114499999996, 47.5238195], [-52.7805, 47.523852], [-52.7867065, 47.523652999999996], [-52.790832, 47.5240845], [-52.794133, 47.524511], [-52.790832, 47.5240845], [-52.7867065, 47.523652999999996], [-52.7805, 47.523852], [-52.774114499999996, 47.5238195], [-52.770801000000006, 47.524606500000004], [-52.767719, 47.526108], [-52.764833, 47.526975], [-52.761264, 47.5282455], [-52.758736, 47.529922], [-52.75365, 47.53202], [-52.750122, 47.533785], [-52.75306500000001, 47.534048]]}}, {"type": "Feature", "properties": {"line": "F44", "type": "feeder", "headway_min": 20.0, "run_min": 34.5, "buses": 2, "flags": ["few stops: candidate for on-demand or merging into a trunk"]}, "geometry": {"type": "LineString", "coordinates": [[-52.75306500000001, 47.534048], [-52.750122, 47.533785], [-52.75365, 47.53202], [-52.758736, 47.529922], [-52.761264, 47.5282455], [-52.764833, 47.526975], [-52.767719, 47.526108], [-52.770801000000006, 47.524606500000004], [-52.774114499999996, 47.5238195], [-52.7805, 47.523852], [-52.777711, 47.5221555], [-52.7783355, 47.520519500000006], [-52.783207000000004, 47.519966499999995], [-52.786334, 47.520031], [-52.7881745, 47.5197015], [-52.790883, 47.5195], [-52.792485, 47.519368], [-52.796497, 47.519478], [-52.799666, 47.519608], [-52.803, 47.519833], [-52.805833, 47.520333], [-52.810339, 47.520269], [-52.813167, 47.519981], [-52.815422, 47.519567], [-52.813167, 47.519981], [-52.810339, 47.520269], [-52.805833, 47.520333], [-52.803, 47.519833], [-52.799666, 47.519608], [-52.796497, 47.519478], [-52.792485, 47.519368], [-52.790883, 47.5195], [-52.7881745, 47.5197015], [-52.786334, 47.520031], [-52.783207000000004, 47.519966499999995], [-52.7783355, 47.520519500000006], [-52.777711, 47.5221555], [-52.7805, 47.523852], [-52.774114499999996, 47.5238195], [-52.770801000000006, 47.524606500000004], [-52.767719, 47.526108], [-52.764833, 47.526975], [-52.761264, 47.5282455], [-52.758736, 47.529922], [-52.75365, 47.53202], [-52.750122, 47.533785], [-52.75306500000001, 47.534048]]}}, {"type": "Feature", "properties": {"line": "F45", "type": "feeder", "headway_min": 20.0, "run_min": 35.6, "buses": 2, "flags": ["long: these stops are far from any hub; consider on-demand service", "few stops: candidate for on-demand or merging into a trunk"]}, "geometry": {"type": "LineString", "coordinates": [[-52.75306500000001, 47.534048], [-52.750122, 47.533785], [-52.75365, 47.53202], [-52.758736, 47.529922], [-52.761264, 47.5282455], [-52.764833, 47.526975], [-52.767719, 47.526108], [-52.770801000000006, 47.524606500000004], [-52.774114499999996, 47.5238195], [-52.7805, 47.523852], [-52.777711, 47.5221555], [-52.7783355, 47.520519500000006], [-52.783207000000004, 47.519966499999995], [-52.786334, 47.520031], [-52.7881745, 47.5197015], [-52.790883, 47.5195], [-52.792485, 47.519368], [-52.796497, 47.519478], [-52.799666, 47.519608], [-52.803, 47.519833], [-52.805833, 47.520333], [-52.810339, 47.520269], [-52.813167, 47.519981], [-52.815422, 47.519567], [-52.8185195, 47.5187525], [-52.815422, 47.519567], [-52.813167, 47.519981], [-52.810339, 47.520269], [-52.805833, 47.520333], [-52.803, 47.519833], [-52.799666, 47.519608], [-52.796497, 47.519478], [-52.792485, 47.519368], [-52.790883, 47.5195], [-52.7881745, 47.5197015], [-52.786334, 47.520031], [-52.783207000000004, 47.519966499999995], [-52.7783355, 47.520519500000006], [-52.777711, 47.5221555], [-52.7805, 47.523852], [-52.774114499999996, 47.5238195], [-52.770801000000006, 47.524606500000004], [-52.767719, 47.526108], [-52.764833, 47.526975], [-52.761264, 47.5282455], [-52.758736, 47.529922], [-52.75365, 47.53202], [-52.750122, 47.533785], [-52.75306500000001, 47.534048]]}}, {"type": "Feature", "properties": {"line": "F46", "type": "feeder", "headway_min": 20.0, "run_min": 33.8, "buses": 2, "flags": ["few stops: candidate for on-demand or merging into a trunk"]}, "geometry": {"type": "LineString", "coordinates": [[-52.75306500000001, 47.534048], [-52.750122, 47.533785], [-52.75365, 47.53202], [-52.758736, 47.529922], [-52.761264, 47.5282455], [-52.764833, 47.526975], [-52.767719, 47.526108], [-52.770801000000006, 47.524606500000004], [-52.774114499999996, 47.5238195], [-52.7805, 47.523852], [-52.777711, 47.5221555], [-52.7783355, 47.520519500000006], [-52.783207000000004, 47.519966499999995], [-52.786334, 47.520031], [-52.7881745, 47.5197015], [-52.790883, 47.5195], [-52.792485, 47.519368], [-52.796497, 47.519478], [-52.799666, 47.519608], [-52.803, 47.519833], [-52.805833, 47.520333], [-52.810339, 47.520269], [-52.813167, 47.519981], [-52.810339, 47.520269], [-52.805833, 47.520333], [-52.803, 47.519833], [-52.799666, 47.519608], [-52.796497, 47.519478], [-52.792485, 47.519368], [-52.790883, 47.5195], [-52.7881745, 47.5197015], [-52.786334, 47.520031], [-52.783207000000004, 47.519966499999995], [-52.7783355, 47.520519500000006], [-52.777711, 47.5221555], [-52.7805, 47.523852], [-52.774114499999996, 47.5238195], [-52.770801000000006, 47.524606500000004], [-52.767719, 47.526108], [-52.764833, 47.526975], [-52.761264, 47.5282455], [-52.758736, 47.529922], [-52.75365, 47.53202], [-52.750122, 47.533785], [-52.75306500000001, 47.534048]]}}, {"type": "Feature", "properties": {"line": "F47", "type": "feeder", "headway_min": 20.0, "run_min": 27.2, "buses": 2, "flags": ["few stops: candidate for on-demand or merging into a trunk"]}, "geometry": {"type": "LineString", "coordinates": [[-52.75306500000001, 47.534048], [-52.750122, 47.533785], [-52.75365, 47.53202], [-52.758736, 47.529922], [-52.761264, 47.5282455], [-52.764833, 47.526975], [-52.767719, 47.526108], [-52.770801000000006, 47.524606500000004], [-52.774114499999996, 47.5238195], [-52.7805, 47.523852], [-52.7867065, 47.523652999999996], [-52.790832, 47.5240845], [-52.795065, 47.524192], [-52.790832, 47.5240845], [-52.7867065, 47.523652999999996], [-52.7805, 47.523852], [-52.774114499999996, 47.5238195], [-52.770801000000006, 47.524606500000004], [-52.767719, 47.526108], [-52.764833, 47.526975], [-52.761264, 47.5282455], [-52.758736, 47.529922], [-52.75365, 47.53202], [-52.750122, 47.533785], [-52.75306500000001, 47.534048]]}}, {"type": "Feature", "properties": {"line": "F48", "type": "feeder", "headway_min": 20.0, "run_min": 17.7, "buses": 1, "flags": ["few stops: candidate for on-demand or merging into a trunk"]}, "geometry": {"type": "LineString", "coordinates": [[-52.75306500000001, 47.534048], [-52.750122, 47.533785], [-52.7558, 47.53097], [-52.75851, 47.53104], [-52.763029, 47.531698], [-52.764703, 47.530642], [-52.768342, 47.528868], [-52.7715355, 47.5279335], [-52.769338, 47.53019], [-52.766281, 47.532028], [-52.76353, 47.535789], [-52.7619015, 47.536892], [-52.759528, 47.539097], [-52.7579595, 47.539675], [-52.756989, 47.539094], [-52.754456, 47.535667], [-52.75306500000001, 47.534048]]}}, {"type": "Feature", "properties": {"line": "F49", "type": "feeder", "headway_min": 20.0, "run_min": 52.3, "buses": 3, "flags": ["long: these stops are far from any hub; consider on-demand service", "few stops: candidate for on-demand or merging into a trunk"]}, "geometry": {"type": "LineString", "coordinates": [[-52.75306500000001, 47.534048], [-52.750122, 47.533785], [-52.75365, 47.53202], [-52.758736, 47.529922], [-52.761264, 47.5282455], [-52.764833, 47.526975], [-52.767719, 47.526108], [-52.770801000000006, 47.524606500000004], [-52.774114499999996, 47.5238195], [-52.7805, 47.523852], [-52.777711, 47.5221555], [-52.7783355, 47.520519500000006], [-52.783207000000004, 47.519966499999995], [-52.786334, 47.520031], [-52.7881745, 47.5197015], [-52.789156, 47.518666], [-52.793, 47.516666], [-52.79683, 47.51641], [-52.804235, 47.513538], [-52.808216, 47.511009], [-52.810342, 47.511372], [-52.816914, 47.511524], [-52.814033, 47.508242], [-52.81626, 47.506286], [-52.819788, 47.506477], [-52.821171, 47.508686], [-52.824779, 47.512056], [-52.82741, 47.512451], [-52.83237, 47.513011], [-52.834956, 47.514631], [-52.83237, 47.513011], [-52.82741, 47.512451], [-52.824779, 47.512056], [-52.821171, 47.508686], [-52.819788, 47.506477], [-52.81626, 47.506286], [-52.814033, 47.508242], [-52.816914, 47.511524], [-52.810342, 47.511372], [-52.808216, 47.511009], [-52.804235, 47.513538], [-52.79683, 47.51641], [-52.793, 47.516666], [-52.789156, 47.518666], [-52.7881745, 47.5197015], [-52.786334, 47.520031], [-52.783207000000004, 47.519966499999995], [-52.7783355, 47.520519500000006], [-52.777711, 47.5221555], [-52.7805, 47.523852], [-52.774114499999996, 47.5238195], [-52.770801000000006, 47.524606500000004], [-52.767719, 47.526108], [-52.764833, 47.526975], [-52.761264, 47.5282455], [-52.758736, 47.529922], [-52.75365, 47.53202], [-52.750122, 47.533785], [-52.75306500000001, 47.534048]]}}, {"type": "Feature", "properties": {"line": "F50", "type": "feeder", "headway_min": 20.0, "run_min": 13.1, "buses": 1, "flags": ["few stops: candidate for on-demand or merging into a trunk"]}, "geometry": {"type": "LineString", "coordinates": [[-52.75306500000001, 47.534048], [-52.754456, 47.535667], [-52.756989, 47.539094], [-52.7579595, 47.539675], [-52.759528, 47.539097], [-52.7619015, 47.536892], [-52.764169, 47.535458], [-52.766953, 47.531461], [-52.770308, 47.529925], [-52.766953, 47.531461], [-52.764169, 47.535458], [-52.7619015, 47.536892], [-52.759528, 47.539097], [-52.7579595, 47.539675], [-52.756989, 47.539094], [-52.754456, 47.535667], [-52.75306500000001, 47.534048]]}}, {"type": "Feature", "properties": {"line": "F51", "type": "feeder", "headway_min": 20.0, "run_min": 32.9, "buses": 2, "flags": ["few stops: candidate for on-demand or merging into a trunk"]}, "geometry": {"type": "LineString", "coordinates": [[-52.75306500000001, 47.534048], [-52.750122, 47.533785], [-52.75365, 47.53202], [-52.758736, 47.529922], [-52.761264, 47.5282455], [-52.764833, 47.526975], [-52.767719, 47.526108], [-52.770801000000006, 47.524606500000004], [-52.774114499999996, 47.5238195], [-52.7805, 47.523852], [-52.777711, 47.5221555], [-52.7783355, 47.520519500000006], [-52.783207000000004, 47.519966499999995], [-52.786334, 47.520031], [-52.7881745, 47.5197015], [-52.790883, 47.5195], [-52.792485, 47.519368], [-52.796497, 47.519478], [-52.799666, 47.519608], [-52.803, 47.519833], [-52.805833, 47.520333], [-52.810339, 47.520269], [-52.805833, 47.520333], [-52.803, 47.519833], [-52.799666, 47.519608], [-52.796497, 47.519478], [-52.792485, 47.519368], [-52.790883, 47.5195], [-52.7881745, 47.5197015], [-52.786334, 47.520031], [-52.783207000000004, 47.519966499999995], [-52.7783355, 47.520519500000006], [-52.777711, 47.5221555], [-52.7805, 47.523852], [-52.774114499999996, 47.5238195], [-52.770801000000006, 47.524606500000004], [-52.767719, 47.526108], [-52.764833, 47.526975], [-52.761264, 47.5282455], [-52.758736, 47.529922], [-52.75365, 47.53202], [-52.750122, 47.533785], [-52.75306500000001, 47.534048]]}}, {"type": "Feature", "properties": {"line": "F52", "type": "feeder", "headway_min": 20.0, "run_min": 40.5, "buses": 3, "flags": ["long: these stops are far from any hub; consider on-demand service", "few stops: candidate for on-demand or merging into a trunk"]}, "geometry": {"type": "LineString", "coordinates": [[-52.75306500000001, 47.534048], [-52.750122, 47.533785], [-52.75365, 47.53202], [-52.758736, 47.529922], [-52.761264, 47.5282455], [-52.764833, 47.526975], [-52.767719, 47.526108], [-52.770801000000006, 47.524606500000004], [-52.774114499999996, 47.5238195], [-52.7805, 47.523852], [-52.777711, 47.5221555], [-52.7783355, 47.520519500000006], [-52.783207000000004, 47.519966499999995], [-52.786334, 47.520031], [-52.7881745, 47.5197015], [-52.790883, 47.5195], [-52.792485, 47.519368], [-52.796497, 47.519478], [-52.799666, 47.519608], [-52.803, 47.519833], [-52.805833, 47.520333], [-52.810339, 47.520269], [-52.813167, 47.519981], [-52.815422, 47.519567], [-52.8185195, 47.5187525], [-52.819629, 47.516543], [-52.82015, 47.514889], [-52.821734, 47.514312], [-52.82427, 47.51552], [-52.821734, 47.514312], [-52.82015, 47.514889], [-52.819629, 47.516543], [-52.8185195, 47.5187525], [-52.815422, 47.519567], [-52.813167, 47.519981], [-52.810339, 47.520269], [-52.805833, 47.520333], [-52.803, 47.519833], [-52.799666, 47.519608], [-52.796497, 47.519478], [-52.792485, 47.519368], [-52.790883, 47.5195], [-52.7881745, 47.5197015], [-52.786334, 47.520031], [-52.783207000000004, 47.519966499999995], [-52.7783355, 47.520519500000006], [-52.777711, 47.5221555], [-52.7805, 47.523852], [-52.774114499999996, 47.5238195], [-52.770801000000006, 47.524606500000004], [-52.767719, 47.526108], [-52.764833, 47.526975], [-52.761264, 47.5282455], [-52.758736, 47.529922], [-52.75365, 47.53202], [-52.750122, 47.533785], [-52.75306500000001, 47.534048]]}}, {"type": "Feature", "properties": {"line": "F53", "type": "feeder", "headway_min": 20.0, "run_min": 37.2, "buses": 3, "flags": ["long: these stops are far from any hub; consider on-demand service", "few stops: candidate for on-demand or merging into a trunk"]}, "geometry": {"type": "LineString", "coordinates": [[-52.75306500000001, 47.534048], [-52.750122, 47.533785], [-52.75365, 47.53202], [-52.758736, 47.529922], [-52.761264, 47.5282455], [-52.764833, 47.526975], [-52.767719, 47.526108], [-52.770801000000006, 47.524606500000004], [-52.774114499999996, 47.5238195], [-52.7805, 47.523852], [-52.777711, 47.5221555], [-52.7783355, 47.520519500000006], [-52.783207000000004, 47.519966499999995], [-52.786334, 47.520031], [-52.7881745, 47.5197015], [-52.790883, 47.5195], [-52.792485, 47.519368], [-52.796497, 47.519478], [-52.799666, 47.519608], [-52.803, 47.519833], [-52.805833, 47.520333], [-52.810339, 47.520269], [-52.813167, 47.519981], [-52.815422, 47.519567], [-52.8185195, 47.5187525], [-52.819629, 47.516543], [-52.8185195, 47.5187525], [-52.815422, 47.519567], [-52.813167, 47.519981], [-52.810339, 47.520269], [-52.805833, 47.520333], [-52.803, 47.519833], [-52.799666, 47.519608], [-52.796497, 47.519478], [-52.792485, 47.519368], [-52.790883, 47.5195], [-52.7881745, 47.5197015], [-52.786334, 47.520031], [-52.783207000000004, 47.519966499999995], [-52.7783355, 47.520519500000006], [-52.777711, 47.5221555], [-52.7805, 47.523852], [-52.774114499999996, 47.5238195], [-52.770801000000006, 47.524606500000004], [-52.767719, 47.526108], [-52.764833, 47.526975], [-52.761264, 47.5282455], [-52.758736, 47.529922], [-52.75365, 47.53202], [-52.750122, 47.533785], [-52.75306500000001, 47.534048]]}}, {"type": "Feature", "properties": {"line": "F54", "type": "feeder", "headway_min": 20.0, "run_min": 25.1, "buses": 2, "flags": ["few stops: candidate for on-demand or merging into a trunk"]}, "geometry": {"type": "LineString", "coordinates": [[-52.75306500000001, 47.534048], [-52.750122, 47.533785], [-52.75365, 47.53202], [-52.758736, 47.529922], [-52.761264, 47.5282455], [-52.764833, 47.526975], [-52.767719, 47.526108], [-52.770801000000006, 47.524606500000004], [-52.774114499999996, 47.5238195], [-52.7805, 47.523852], [-52.7867065, 47.523652999999996], [-52.790832, 47.5240845], [-52.7867065, 47.523652999999996], [-52.7805, 47.523852], [-52.774114499999996, 47.5238195], [-52.770801000000006, 47.524606500000004], [-52.767719, 47.526108], [-52.764833, 47.526975], [-52.761264, 47.5282455], [-52.758736, 47.529922], [-52.75365, 47.53202], [-52.750122, 47.533785], [-52.75306500000001, 47.534048]]}}, {"type": "Feature", "properties": {"line": "F55", "type": "feeder", "headway_min": 20.0, "run_min": 51.4, "buses": 3, "flags": ["long: these stops are far from any hub; consider on-demand service", "few stops: candidate for on-demand or merging into a trunk"]}, "geometry": {"type": "LineString", "coordinates": [[-52.75306500000001, 47.534048], [-52.750122, 47.533785], [-52.75365, 47.53202], [-52.758736, 47.529922], [-52.761264, 47.5282455], [-52.764833, 47.526975], [-52.767719, 47.526108], [-52.770801000000006, 47.524606500000004], [-52.774114499999996, 47.5238195], [-52.7805, 47.523852], [-52.777711, 47.5221555], [-52.7783355, 47.520519500000006], [-52.783207000000004, 47.519966499999995], [-52.786334, 47.520031], [-52.7881745, 47.5197015], [-52.789156, 47.518666], [-52.793, 47.516666], [-52.79683, 47.51641], [-52.804235, 47.513538], [-52.808216, 47.511009], [-52.810342, 47.511372], [-52.816914, 47.511524], [-52.814033, 47.508242], [-52.81626, 47.506286], [-52.819788, 47.506477], [-52.821171, 47.508686], [-52.824779, 47.512056], [-52.82741, 47.512451], [-52.83237, 47.513011], [-52.82741, 47.512451], [-52.824779, 47.512056], [-52.821171, 47.508686], [-52.819788, 47.506477], [-52.81626, 47.506286], [-52.814033, 47.508242], [-52.816914, 47.511524], [-52.810342, 47.511372], [-52.808216, 47.511009], [-52.804235, 47.513538], [-52.79683, 47.51641], [-52.793, 47.516666], [-52.789156, 47.518666], [-52.7881745, 47.5197015], [-52.786334, 47.520031], [-52.783207000000004, 47.519966499999995], [-52.7783355, 47.520519500000006], [-52.777711, 47.5221555], [-52.7805, 47.523852], [-52.774114499999996, 47.5238195], [-52.770801000000006, 47.524606500000004], [-52.767719, 47.526108], [-52.764833, 47.526975], [-52.761264, 47.5282455], [-52.758736, 47.529922], [-52.75365, 47.53202], [-52.750122, 47.533785], [-52.75306500000001, 47.534048]]}}, {"type": "Feature", "properties": {"line": "F56", "type": "feeder", "headway_min": 20.0, "run_min": 37.6, "buses": 3, "flags": ["long: these stops are far from any hub; consider on-demand service", "few stops: candidate for on-demand or merging into a trunk"]}, "geometry": {"type": "LineString", "coordinates": [[-52.75306500000001, 47.534048], [-52.750122, 47.533785], [-52.75365, 47.53202], [-52.758736, 47.529922], [-52.761264, 47.5282455], [-52.764833, 47.526975], [-52.767719, 47.526108], [-52.770801000000006, 47.524606500000004], [-52.774114499999996, 47.5238195], [-52.7805, 47.523852], [-52.777711, 47.5221555], [-52.7783355, 47.520519500000006], [-52.783207000000004, 47.519966499999995], [-52.786334, 47.520031], [-52.7881745, 47.5197015], [-52.790883, 47.5195], [-52.792485, 47.519368], [-52.796497, 47.519478], [-52.799666, 47.519608], [-52.803, 47.519833], [-52.805833, 47.520333], [-52.810339, 47.520269], [-52.813167, 47.519981], [-52.815422, 47.519567], [-52.8185195, 47.5187525], [-52.8155, 47.517166], [-52.8185195, 47.5187525], [-52.815422, 47.519567], [-52.813167, 47.519981], [-52.810339, 47.520269], [-52.805833, 47.520333], [-52.803, 47.519833], [-52.799666, 47.519608], [-52.796497, 47.519478], [-52.792485, 47.519368], [-52.790883, 47.5195], [-52.7881745, 47.5197015], [-52.786334, 47.520031], [-52.783207000000004, 47.519966499999995], [-52.7783355, 47.520519500000006], [-52.777711, 47.5221555], [-52.7805, 47.523852], [-52.774114499999996, 47.5238195], [-52.770801000000006, 47.524606500000004], [-52.767719, 47.526108], [-52.764833, 47.526975], [-52.761264, 47.5282455], [-52.758736, 47.529922], [-52.75365, 47.53202], [-52.750122, 47.533785], [-52.75306500000001, 47.534048]]}}, {"type": "Feature", "properties": {"line": "F57", "type": "feeder", "headway_min": 20.0, "run_min": 36.3, "buses": 2, "flags": ["long: these stops are far from any hub; consider on-demand service", "few stops: candidate for on-demand or merging into a trunk"]}, "geometry": {"type": "LineString", "coordinates": [[-52.75306500000001, 47.534048], [-52.750122, 47.533785], [-52.75365, 47.53202], [-52.758736, 47.529922], [-52.761264, 47.5282455], [-52.764833, 47.526975], [-52.767719, 47.526108], [-52.770801000000006, 47.524606500000004], [-52.774114499999996, 47.5238195], [-52.7805, 47.523852], [-52.7867065, 47.523652999999996], [-52.790832, 47.5240845], [-52.795065, 47.524192], [-52.79901, 47.523649], [-52.801661, 47.523362], [-52.807372, 47.521681], [-52.807412, 47.519165], [-52.807372, 47.521681], [-52.801661, 47.523362], [-52.79901, 47.523649], [-52.795065, 47.524192], [-52.790832, 47.5240845], [-52.7867065, 47.523652999999996], [-52.7805, 47.523852], [-52.774114499999996, 47.5238195], [-52.770801000000006, 47.524606500000004], [-52.767719, 47.526108], [-52.764833, 47.526975], [-52.761264, 47.5282455], [-52.758736, 47.529922], [-52.75365, 47.53202], [-52.750122, 47.533785], [-52.75306500000001, 47.534048]]}}, {"type": "Feature", "properties": {"line": "F58", "type": "feeder", "headway_min": 20.0, "run_min": 30.5, "buses": 2, "flags": ["few stops: candidate for on-demand or merging into a trunk"]}, "geometry": {"type": "LineString", "coordinates": [[-52.75306500000001, 47.534048], [-52.750122, 47.533785], [-52.75365, 47.53202], [-52.758736, 47.529922], [-52.761264, 47.5282455], [-52.764833, 47.526975], [-52.767719, 47.526108], [-52.770801000000006, 47.524606500000004], [-52.774114499999996, 47.5238195], [-52.7805, 47.523852], [-52.777711, 47.5221555], [-52.7783355, 47.520519500000006], [-52.783207000000004, 47.519966499999995], [-52.786334, 47.520031], [-52.7881745, 47.5197015], [-52.790883, 47.5195], [-52.792485, 47.519368], [-52.796497, 47.519478], [-52.799666, 47.519608], [-52.803, 47.519833], [-52.799666, 47.519608], [-52.796497, 47.519478], [-52.792485, 47.519368], [-52.790883, 47.5195], [-52.7881745, 47.5197015], [-52.786334, 47.520031], [-52.783207000000004, 47.519966499999995], [-52.7783355, 47.520519500000006], [-52.777711, 47.5221555], [-52.7805, 47.523852], [-52.774114499999996, 47.5238195], [-52.770801000000006, 47.524606500000004], [-52.767719, 47.526108], [-52.764833, 47.526975], [-52.761264, 47.5282455], [-52.758736, 47.529922], [-52.75365, 47.53202], [-52.750122, 47.533785], [-52.75306500000001, 47.534048]]}}, {"type": "Feature", "properties": {"line": "F59", "type": "feeder", "headway_min": 20.0, "run_min": 38.3, "buses": 3, "flags": ["long: these stops are far from any hub; consider on-demand service", "few stops: candidate for on-demand or merging into a trunk"]}, "geometry": {"type": "LineString", "coordinates": [[-52.75306500000001, 47.534048], [-52.750122, 47.533785], [-52.75365, 47.53202], [-52.758736, 47.529922], [-52.761264, 47.5282455], [-52.764833, 47.526975], [-52.767719, 47.526108], [-52.770801000000006, 47.524606500000004], [-52.774114499999996, 47.5238195], [-52.7805, 47.523852], [-52.777711, 47.5221555], [-52.7783355, 47.520519500000006], [-52.783207000000004, 47.519966499999995], [-52.786334, 47.520031], [-52.7881745, 47.5197015], [-52.790883, 47.5195], [-52.792485, 47.519368], [-52.796497, 47.519478], [-52.799666, 47.519608], [-52.803, 47.519833], [-52.805833, 47.520333], [-52.810339, 47.520269], [-52.813167, 47.519981], [-52.815422, 47.519567], [-52.8185195, 47.5187525], [-52.819629, 47.516543], [-52.82015, 47.514889], [-52.819629, 47.516543], [-52.8185195, 47.5187525], [-52.815422, 47.519567], [-52.813167, 47.519981], [-52.810339, 47.520269], [-52.805833, 47.520333], [-52.803, 47.519833], [-52.799666, 47.519608], [-52.796497, 47.519478], [-52.792485, 47.519368], [-52.790883, 47.5195], [-52.7881745, 47.5197015], [-52.786334, 47.520031], [-52.783207000000004, 47.519966499999995], [-52.7783355, 47.520519500000006], [-52.777711, 47.5221555], [-52.7805, 47.523852], [-52.774114499999996, 47.5238195], [-52.770801000000006, 47.524606500000004], [-52.767719, 47.526108], [-52.764833, 47.526975], [-52.761264, 47.5282455], [-52.758736, 47.529922], [-52.75365, 47.53202], [-52.750122, 47.533785], [-52.75306500000001, 47.534048]]}}, {"type": "Feature", "properties": {"line": "F60", "type": "feeder", "headway_min": 20.0, "run_min": 39.5, "buses": 3, "flags": ["long: these stops are far from any hub; consider on-demand service", "few stops: candidate for on-demand or merging into a trunk"]}, "geometry": {"type": "LineString", "coordinates": [[-52.75306500000001, 47.534048], [-52.750122, 47.533785], [-52.75365, 47.53202], [-52.758736, 47.529922], [-52.761264, 47.5282455], [-52.764833, 47.526975], [-52.767719, 47.526108], [-52.770801000000006, 47.524606500000004], [-52.774114499999996, 47.5238195], [-52.7805, 47.523852], [-52.777711, 47.5221555], [-52.7783355, 47.520519500000006], [-52.783207000000004, 47.519966499999995], [-52.786334, 47.520031], [-52.7881745, 47.5197015], [-52.790883, 47.5195], [-52.792485, 47.519368], [-52.796497, 47.519478], [-52.799666, 47.519608], [-52.803, 47.519833], [-52.805833, 47.520333], [-52.810339, 47.520269], [-52.813167, 47.519981], [-52.815422, 47.519567], [-52.8185195, 47.5187525], [-52.819629, 47.516543], [-52.82015, 47.514889], [-52.821734, 47.514312], [-52.82015, 47.514889], [-52.819629, 47.516543], [-52.8185195, 47.5187525], [-52.815422, 47.519567], [-52.813167, 47.519981], [-52.810339, 47.520269], [-52.805833, 47.520333], [-52.803, 47.519833], [-52.799666, 47.519608], [-52.796497, 47.519478], [-52.792485, 47.519368], [-52.790883, 47.5195], [-52.7881745, 47.5197015], [-52.786334, 47.520031], [-52.783207000000004, 47.519966499999995], [-52.7783355, 47.520519500000006], [-52.777711, 47.5221555], [-52.7805, 47.523852], [-52.774114499999996, 47.5238195], [-52.770801000000006, 47.524606500000004], [-52.767719, 47.526108], [-52.764833, 47.526975], [-52.761264, 47.5282455], [-52.758736, 47.529922], [-52.75365, 47.53202], [-52.750122, 47.533785], [-52.75306500000001, 47.534048]]}}, {"type": "Feature", "properties": {"line": "F61", "type": "feeder", "headway_min": 20.0, "run_min": 14.6, "buses": 1, "flags": ["few stops: candidate for on-demand or merging into a trunk"]}, "geometry": {"type": "LineString", "coordinates": [[-52.75306500000001, 47.534048], [-52.754456, 47.535667], [-52.756989, 47.539094], [-52.7579595, 47.539675], [-52.759528, 47.539097], [-52.7619015, 47.536892], [-52.764169, 47.535458], [-52.766953, 47.531461], [-52.770308, 47.529925], [-52.772492, 47.528464], [-52.770308, 47.529925], [-52.766953, 47.531461], [-52.764169, 47.535458], [-52.7619015, 47.536892], [-52.759528, 47.539097], [-52.7579595, 47.539675], [-52.756989, 47.539094], [-52.754456, 47.535667], [-52.75306500000001, 47.534048]]}}, {"type": "Feature", "properties": {"line": "F62", "type": "feeder", "headway_min": 20.0, "run_min": 38.3, "buses": 3, "flags": ["long: these stops are far from any hub; consider on-demand service", "few stops: candidate for on-demand or merging into a trunk"]}, "geometry": {"type": "LineString", "coordinates": [[-52.75306500000001, 47.534048], [-52.750122, 47.533785], [-52.75365, 47.53202], [-52.758736, 47.529922], [-52.761264, 47.5282455], [-52.764833, 47.526975], [-52.767719, 47.526108], [-52.770801000000006, 47.524606500000004], [-52.774114499999996, 47.5238195], [-52.7805, 47.523852], [-52.777711, 47.5221555], [-52.7783355, 47.520519500000006], [-52.783207000000004, 47.519966499999995], [-52.786334, 47.520031], [-52.7881745, 47.5197015], [-52.790883, 47.5195], [-52.792485, 47.519368], [-52.796497, 47.519478], [-52.799666, 47.519608], [-52.803, 47.519833], [-52.805833, 47.520333], [-52.810339, 47.520269], [-52.813167, 47.519981], [-52.815422, 47.519567], [-52.8185195, 47.5187525], [-52.8155, 47.517166], [-52.814993, 47.516168], [-52.8155, 47.517166], [-52.8185195, 47.5187525], [-52.815422, 47.519567], [-52.813167, 47.519981], [-52.810339, 47.520269], [-52.805833, 47.520333], [-52.803, 47.519833], [-52.799666, 47.519608], [-52.796497, 47.519478], [-52.792485, 47.519368], [-52.790883, 47.5195], [-52.7881745, 47.5197015], [-52.786334, 47.520031], [-52.783207000000004, 47.519966499999995], [-52.7783355, 47.520519500000006], [-52.777711, 47.5221555], [-52.7805, 47.523852], [-52.774114499999996, 47.5238195], [-52.770801000000006, 47.524606500000004], [-52.767719, 47.526108], [-52.764833, 47.526975], [-52.761264, 47.5282455], [-52.758736, 47.529922], [-52.75365, 47.53202], [-52.750122, 47.533785], [-52.75306500000001, 47.534048]]}}, {"type": "Feature", "properties": {"line": "F63", "type": "feeder", "headway_min": 20.0, "run_min": 50.2, "buses": 3, "flags": ["long: these stops are far from any hub; consider on-demand service", "few stops: candidate for on-demand or merging into a trunk"]}, "geometry": {"type": "LineString", "coordinates": [[-52.75306500000001, 47.534048], [-52.750122, 47.533785], [-52.75365, 47.53202], [-52.758736, 47.529922], [-52.761264, 47.5282455], [-52.764833, 47.526975], [-52.767719, 47.526108], [-52.770801000000006, 47.524606500000004], [-52.774114499999996, 47.5238195], [-52.7805, 47.523852], [-52.777711, 47.5221555], [-52.7783355, 47.520519500000006], [-52.783207000000004, 47.519966499999995], [-52.786334, 47.520031], [-52.7881745, 47.5197015], [-52.789156, 47.518666], [-52.793, 47.516666], [-52.79683, 47.51641], [-52.804235, 47.513538], [-52.808216, 47.511009], [-52.810342, 47.511372], [-52.816914, 47.511524], [-52.814033, 47.508242], [-52.81626, 47.506286], [-52.819788, 47.506477], [-52.821171, 47.508686], [-52.824779, 47.512056], [-52.82741, 47.512451], [-52.824779, 47.512056], [-52.821171, 47.508686], [-52.819788, 47.506477], [-52.81626, 47.506286], [-52.814033, 47.508242], [-52.816914, 47.511524], [-52.810342, 47.511372], [-52.808216, 47.511009], [-52.804235, 47.513538], [-52.79683, 47.51641], [-52.793, 47.516666], [-52.789156, 47.518666], [-52.7881745, 47.5197015], [-52.786334, 47.520031], [-52.783207000000004, 47.519966499999995], [-52.7783355, 47.520519500000006], [-52.777711, 47.5221555], [-52.7805, 47.523852], [-52.774114499999996, 47.5238195], [-52.770801000000006, 47.524606500000004], [-52.767719, 47.526108], [-52.764833, 47.526975], [-52.761264, 47.5282455], [-52.758736, 47.529922], [-52.75365, 47.53202], [-52.750122, 47.533785], [-52.75306500000001, 47.534048]]}}, {"type": "Feature", "properties": {"line": "F64", "type": "feeder", "headway_min": 20.0, "run_min": 13.9, "buses": 1, "flags": ["few stops: candidate for on-demand or merging into a trunk"]}, "geometry": {"type": "LineString", "coordinates": [[-52.75306500000001, 47.534048], [-52.750122, 47.533785], [-52.7558, 47.53097], [-52.75851, 47.53104], [-52.763029, 47.531698], [-52.764703, 47.530642], [-52.763029, 47.531698], [-52.75851, 47.53104], [-52.7558, 47.53097], [-52.750122, 47.533785], [-52.75306500000001, 47.534048]]}}, {"type": "Feature", "properties": {"line": "F65", "type": "feeder", "headway_min": 20.0, "run_min": 49.6, "buses": 3, "flags": ["long: these stops are far from any hub; consider on-demand service", "few stops: candidate for on-demand or merging into a trunk"]}, "geometry": {"type": "LineString", "coordinates": [[-52.75306500000001, 47.534048], [-52.750122, 47.533785], [-52.75365, 47.53202], [-52.758736, 47.529922], [-52.761264, 47.5282455], [-52.764833, 47.526975], [-52.767719, 47.526108], [-52.770801000000006, 47.524606500000004], [-52.774114499999996, 47.5238195], [-52.7805, 47.523852], [-52.777711, 47.5221555], [-52.7783355, 47.520519500000006], [-52.783207000000004, 47.519966499999995], [-52.786334, 47.520031], [-52.7881745, 47.5197015], [-52.789156, 47.518666], [-52.793, 47.516666], [-52.79683, 47.51641], [-52.804235, 47.513538], [-52.808216, 47.511009], [-52.810342, 47.511372], [-52.816914, 47.511524], [-52.814033, 47.508242], [-52.81626, 47.506286], [-52.819788, 47.506477], [-52.821171, 47.508686], [-52.824779, 47.512056], [-52.821171, 47.508686], [-52.819788, 47.506477], [-52.81626, 47.506286], [-52.814033, 47.508242], [-52.816914, 47.511524], [-52.810342, 47.511372], [-52.808216, 47.511009], [-52.804235, 47.513538], [-52.79683, 47.51641], [-52.793, 47.516666], [-52.789156, 47.518666], [-52.7881745, 47.5197015], [-52.786334, 47.520031], [-52.783207000000004, 47.519966499999995], [-52.7783355, 47.520519500000006], [-52.777711, 47.5221555], [-52.7805, 47.523852], [-52.774114499999996, 47.5238195], [-52.770801000000006, 47.524606500000004], [-52.767719, 47.526108], [-52.764833, 47.526975], [-52.761264, 47.5282455], [-52.758736, 47.529922], [-52.75365, 47.53202], [-52.750122, 47.533785], [-52.75306500000001, 47.534048]]}}, {"type": "Feature", "properties": {"line": "F66", "type": "feeder", "headway_min": 20.0, "run_min": 34.2, "buses": 2, "flags": ["few stops: candidate for on-demand or merging into a trunk"]}, "geometry": {"type": "LineString", "coordinates": [[-52.75306500000001, 47.534048], [-52.754456, 47.535667], [-52.756989, 47.539094], [-52.7579595, 47.539675], [-52.759528, 47.539097], [-52.7619015, 47.536892], [-52.764169, 47.535458], [-52.766953, 47.531461], [-52.770308, 47.529925], [-52.772492, 47.528464], [-52.773273, 47.527214], [-52.777442, 47.526497], [-52.778617, 47.529217], [-52.7765635, 47.530888], [-52.778281, 47.528202], [-52.774842, 47.526466], [-52.7715355, 47.5279335], [-52.77001, 47.52568], [-52.767719, 47.526108], [-52.770801000000006, 47.524606500000004], [-52.774114499999996, 47.5238195], [-52.7805, 47.523852], [-52.7867065, 47.523652999999996], [-52.7805, 47.523852], [-52.774114499999996, 47.5238195], [-52.770801000000006, 47.524606500000004], [-52.767719, 47.526108], [-52.764833, 47.526975], [-52.761264, 47.5282455], [-52.758736, 47.529922], [-52.75365, 47.53202], [-52.750122, 47.533785], [-52.75306500000001, 47.534048]]}}, {"type": "Feature", "properties": {"line": "F67", "type": "feeder", "headway_min": 20.0, "run_min": 29.5, "buses": 2, "flags": ["few stops: candidate for on-demand or merging into a trunk"]}, "geometry": {"type": "LineString", "coordinates": [[-52.75306500000001, 47.534048], [-52.750122, 47.533785], [-52.75365, 47.53202], [-52.758736, 47.529922], [-52.761264, 47.5282455], [-52.764833, 47.526975], [-52.767719, 47.526108], [-52.770801000000006, 47.524606500000004], [-52.774114499999996, 47.5238195], [-52.7805, 47.523852], [-52.777711, 47.5221555], [-52.7783355, 47.520519500000006], [-52.783207000000004, 47.519966499999995], [-52.786334, 47.520031], [-52.7881745, 47.5197015], [-52.790883, 47.5195], [-52.792485, 47.519368], [-52.796497, 47.519478], [-52.799666, 47.519608], [-52.796497, 47.519478], [-52.792485, 47.519368], [-52.790883, 47.5195], [-52.7881745, 47.5197015], [-52.786334, 47.520031], [-52.783207000000004, 47.519966499999995], [-52.7783355, 47.520519500000006], [-52.777711, 47.5221555], [-52.7805, 47.523852], [-52.774114499999996, 47.5238195], [-52.770801000000006, 47.524606500000004], [-52.767719, 47.526108], [-52.764833, 47.526975], [-52.761264, 47.5282455], [-52.758736, 47.529922], [-52.75365, 47.53202], [-52.750122, 47.533785], [-52.75306500000001, 47.534048]]}}, {"type": "Feature", "properties": {"line": "F68", "type": "feeder", "headway_min": 20.0, "run_min": 38.0, "buses": 3, "flags": ["long: these stops are far from any hub; consider on-demand service", "few stops: candidate for on-demand or merging into a trunk"]}, "geometry": {"type": "LineString", "coordinates": [[-52.75306500000001, 47.534048], [-52.750122, 47.533785], [-52.75365, 47.53202], [-52.758736, 47.529922], [-52.761264, 47.5282455], [-52.764833, 47.526975], [-52.767719, 47.526108], [-52.770801000000006, 47.524606500000004], [-52.774114499999996, 47.5238195], [-52.7805, 47.523852], [-52.7867065, 47.523652999999996], [-52.790832, 47.5240845], [-52.795065, 47.524192], [-52.79901, 47.523649], [-52.801661, 47.523362], [-52.807372, 47.521681], [-52.807412, 47.519165], [-52.8065, 47.517], [-52.807412, 47.519165], [-52.807372, 47.521681], [-52.801661, 47.523362], [-52.79901, 47.523649], [-52.795065, 47.524192], [-52.790832, 47.5240845], [-52.7867065, 47.523652999999996], [-52.7805, 47.523852], [-52.774114499999996, 47.5238195], [-52.770801000000006, 47.524606500000004], [-52.767719, 47.526108], [-52.764833, 47.526975], [-52.761264, 47.5282455], [-52.758736, 47.529922], [-52.75365, 47.53202], [-52.750122, 47.533785], [-52.75306500000001, 47.534048]]}}, {"type": "Feature", "properties": {"line": "F69", "type": "feeder", "headway_min": 20.0, "run_min": 32.2, "buses": 2, "flags": ["few stops: candidate for on-demand or merging into a trunk"]}, "geometry": {"type": "LineString", "coordinates": [[-52.75306500000001, 47.534048], [-52.750122, 47.533785], [-52.83138, 47.508648], [-52.750122, 47.533785], [-52.75306500000001, 47.534048]]}}, {"type": "Feature", "properties": {"line": "F70", "type": "feeder", "headway_min": 20.0, "run_min": 39.7, "buses": 3, "flags": ["long: these stops are far from any hub; consider on-demand service", "few stops: candidate for on-demand or merging into a trunk"]}, "geometry": {"type": "LineString", "coordinates": [[-52.75306500000001, 47.534048], [-52.750122, 47.533785], [-52.75365, 47.53202], [-52.758736, 47.529922], [-52.761264, 47.5282455], [-52.764833, 47.526975], [-52.767719, 47.526108], [-52.770801000000006, 47.524606500000004], [-52.774114499999996, 47.5238195], [-52.7805, 47.523852], [-52.777711, 47.5221555], [-52.7783355, 47.520519500000006], [-52.783207000000004, 47.519966499999995], [-52.786334, 47.520031], [-52.7881745, 47.5197015], [-52.790883, 47.5195], [-52.792485, 47.519368], [-52.796497, 47.519478], [-52.799666, 47.519608], [-52.803, 47.519833], [-52.805833, 47.520333], [-52.810339, 47.520269], [-52.813167, 47.519981], [-52.815422, 47.519567], [-52.8185195, 47.5187525], [-52.8155, 47.517166], [-52.814993, 47.516168], [-52.81444, 47.513898], [-52.814993, 47.516168], [-52.8155, 47.517166], [-52.8185195, 47.5187525], [-52.815422, 47.519567], [-52.813167, 47.519981], [-52.810339, 47.520269], [-52.805833, 47.520333], [-52.803, 47.519833], [-52.799666, 47.519608], [-52.796497, 47.519478], [-52.792485, 47.519368], [-52.790883, 47.5195], [-52.7881745, 47.5197015], [-52.786334, 47.520031], [-52.783207000000004, 47.519966499999995], [-52.7783355, 47.520519500000006], [-52.777711, 47.5221555], [-52.7805, 47.523852], [-52.774114499999996, 47.5238195], [-52.770801000000006, 47.524606500000004], [-52.767719, 47.526108], [-52.764833, 47.526975], [-52.761264, 47.5282455], [-52.758736, 47.529922], [-52.75365, 47.53202], [-52.750122, 47.533785], [-52.75306500000001, 47.534048]]}}, {"type": "Feature", "properties": {"line": "F71", "type": "feeder", "headway_min": 20.0, "run_min": 32.8, "buses": 2, "flags": ["few stops: candidate for on-demand or merging into a trunk"]}, "geometry": {"type": "LineString", "coordinates": [[-52.75306500000001, 47.534048], [-52.750122, 47.533785], [-52.75365, 47.53202], [-52.758736, 47.529922], [-52.761264, 47.5282455], [-52.764833, 47.526975], [-52.767719, 47.526108], [-52.77001, 47.52568], [-52.7715355, 47.5279335], [-52.77001, 47.52568], [-52.767719, 47.526108], [-52.770801000000006, 47.524606500000004], [-52.774114499999996, 47.5238195], [-52.7805, 47.523852], [-52.777711, 47.5221555], [-52.7783355, 47.520519500000006], [-52.783207000000004, 47.519966499999995], [-52.786334, 47.520031], [-52.7881745, 47.5197015], [-52.790883, 47.5195], [-52.792485, 47.519368], [-52.796497, 47.519478], [-52.792485, 47.519368], [-52.790883, 47.5195], [-52.7881745, 47.5197015], [-52.786334, 47.520031], [-52.783207000000004, 47.519966499999995], [-52.7783355, 47.520519500000006], [-52.777711, 47.5221555], [-52.7805, 47.523852], [-52.774114499999996, 47.5238195], [-52.770801000000006, 47.524606500000004], [-52.767719, 47.526108], [-52.764833, 47.526975], [-52.761264, 47.5282455], [-52.758736, 47.529922], [-52.75365, 47.53202], [-52.750122, 47.533785], [-52.75306500000001, 47.534048]]}}, {"type": "Feature", "properties": {"line": "F72", "type": "feeder", "headway_min": 20.0, "run_min": 24.3, "buses": 2, "flags": ["few stops: candidate for on-demand or merging into a trunk"]}, "geometry": {"type": "LineString", "coordinates": [[-52.75306500000001, 47.534048], [-52.754456, 47.535667], [-52.756989, 47.539094], [-52.7579595, 47.539675], [-52.759528, 47.539097], [-52.7619015, 47.536892], [-52.764169, 47.535458], [-52.766953, 47.531461], [-52.770308, 47.529925], [-52.772492, 47.528464], [-52.773273, 47.527214], [-52.777442, 47.526497], [-52.778617, 47.529217], [-52.7765635, 47.530888], [-52.778281, 47.528202], [-52.774842, 47.526466], [-52.7715355, 47.5279335], [-52.768342, 47.528868], [-52.764703, 47.530642], [-52.763029, 47.531698], [-52.75851, 47.53104], [-52.7558, 47.53097], [-52.750122, 47.533785], [-52.75306500000001, 47.534048]]}}, {"type": "Feature", "properties": {"line": "F73", "type": "feeder", "headway_min": 20.0, "run_min": 33.4, "buses": 2, "flags": ["few stops: candidate for on-demand or merging into a trunk"]}, "geometry": {"type": "LineString", "coordinates": [[-52.75306500000001, 47.534048], [-52.750122, 47.533785], [-52.83138, 47.508648], [-52.832553, 47.506819], [-52.83138, 47.508648], [-52.750122, 47.533785], [-52.75306500000001, 47.534048]]}}, {"type": "Feature", "properties": {"line": "F74", "type": "feeder", "headway_min": 20.0, "run_min": 40.8, "buses": 3, "flags": ["long: these stops are far from any hub; consider on-demand service", "few stops: candidate for on-demand or merging into a trunk"]}, "geometry": {"type": "LineString", "coordinates": [[-52.75306500000001, 47.534048], [-52.750122, 47.533785], [-52.75365, 47.53202], [-52.758736, 47.529922], [-52.761264, 47.5282455], [-52.764833, 47.526975], [-52.767719, 47.526108], [-52.770801000000006, 47.524606500000004], [-52.774114499999996, 47.5238195], [-52.7805, 47.523852], [-52.777711, 47.5221555], [-52.7783355, 47.520519500000006], [-52.783207000000004, 47.519966499999995], [-52.786334, 47.520031], [-52.7881745, 47.5197015], [-52.790883, 47.5195], [-52.792485, 47.519368], [-52.796497, 47.519478], [-52.799666, 47.519608], [-52.803, 47.519833], [-52.805833, 47.520333], [-52.810339, 47.520269], [-52.813167, 47.519981], [-52.815422, 47.519567], [-52.8185195, 47.5187525], [-52.8155, 47.517166], [-52.814993, 47.516168], [-52.81444, 47.513898], [-52.812035, 47.513746], [-52.81444, 47.513898], [-52.814993, 47.516168], [-52.8155, 47.517166], [-52.8185195, 47.5187525], [-52.815422, 47.519567], [-52.813167, 47.519981], [-52.810339, 47.520269], [-52.805833, 47.520333], [-52.803, 47.519833], [-52.799666, 47.519608], [-52.796497, 47.519478], [-52.792485, 47.519368], [-52.790883, 47.5195], [-52.7881745, 47.5197015], [-52.786334, 47.520031], [-52.783207000000004, 47.519966499999995], [-52.7783355, 47.520519500000006], [-52.777711, 47.5221555], [-52.7805, 47.523852], [-52.774114499999996, 47.5238195], [-52.770801000000006, 47.524606500000004], [-52.767719, 47.526108], [-52.764833, 47.526975], [-52.761264, 47.5282455], [-52.758736, 47.529922], [-52.75365, 47.53202], [-52.750122, 47.533785], [-52.75306500000001, 47.534048]]}}, {"type": "Feature", "properties": {"line": "F75", "type": "feeder", "headway_min": 20.0, "run_min": 18.3, "buses": 2, "flags": ["few stops: candidate for on-demand or merging into a trunk"]}, "geometry": {"type": "LineString", "coordinates": [[-52.75306500000001, 47.534048], [-52.750122, 47.533785], [-52.75365, 47.53202], [-52.758736, 47.529922], [-52.761264, 47.5282455], [-52.764833, 47.526975], [-52.767719, 47.526108], [-52.77001, 47.52568], [-52.7715355, 47.5279335], [-52.774842, 47.526466], [-52.7715355, 47.5279335], [-52.77001, 47.52568], [-52.767719, 47.526108], [-52.764833, 47.526975], [-52.761264, 47.5282455], [-52.758736, 47.529922], [-52.75365, 47.53202], [-52.750122, 47.533785], [-52.75306500000001, 47.534048]]}}, {"type": "Feature", "properties": {"line": "F76", "type": "feeder", "headway_min": 20.0, "run_min": 41.8, "buses": 3, "flags": ["long: these stops are far from any hub; consider on-demand service", "few stops: candidate for on-demand or merging into a trunk"]}, "geometry": {"type": "LineString", "coordinates": [[-52.75306500000001, 47.534048], [-52.750122, 47.533785], [-52.75365, 47.53202], [-52.758736, 47.529922], [-52.761264, 47.5282455], [-52.764833, 47.526975], [-52.767719, 47.526108], [-52.770801000000006, 47.524606500000004], [-52.774114499999996, 47.5238195], [-52.7805, 47.523852], [-52.777711, 47.5221555], [-52.7783355, 47.520519500000006], [-52.783207000000004, 47.519966499999995], [-52.786334, 47.520031], [-52.7881745, 47.5197015], [-52.789156, 47.518666], [-52.793, 47.516666], [-52.79683, 47.51641], [-52.804235, 47.513538], [-52.808216, 47.511009], [-52.810342, 47.511372], [-52.816914, 47.511524], [-52.810342, 47.511372], [-52.808216, 47.511009], [-52.804235, 47.513538], [-52.79683, 47.51641], [-52.793, 47.516666], [-52.789156, 47.518666], [-52.7881745, 47.5197015], [-52.786334, 47.520031], [-52.783207000000004, 47.519966499999995], [-52.7783355, 47.520519500000006], [-52.777711, 47.5221555], [-52.7805, 47.523852], [-52.774114499999996, 47.5238195], [-52.770801000000006, 47.524606500000004], [-52.767719, 47.526108], [-52.764833, 47.526975], [-52.761264, 47.5282455], [-52.758736, 47.529922], [-52.75365, 47.53202], [-52.750122, 47.533785], [-52.75306500000001, 47.534048]]}}, {"type": "Feature", "properties": {"line": "F77", "type": "feeder", "headway_min": 20.0, "run_min": 42.7, "buses": 3, "flags": ["long: these stops are far from any hub; consider on-demand service", "few stops: candidate for on-demand or merging into a trunk"]}, "geometry": {"type": "LineString", "coordinates": [[-52.75306500000001, 47.534048], [-52.750122, 47.533785], [-52.75365, 47.53202], [-52.758736, 47.529922], [-52.761264, 47.5282455], [-52.764833, 47.526975], [-52.767719, 47.526108], [-52.770801000000006, 47.524606500000004], [-52.774114499999996, 47.5238195], [-52.7805, 47.523852], [-52.777711, 47.5221555], [-52.7783355, 47.520519500000006], [-52.783207000000004, 47.519966499999995], [-52.786334, 47.520031], [-52.7881745, 47.5197015], [-52.790883, 47.5195], [-52.792485, 47.519368], [-52.796497, 47.519478], [-52.799666, 47.519608], [-52.803, 47.519833], [-52.805833, 47.520333], [-52.810339, 47.520269], [-52.813167, 47.519981], [-52.815422, 47.519567], [-52.8185195, 47.5187525], [-52.8155, 47.517166], [-52.814993, 47.516168], [-52.81444, 47.513898], [-52.812035, 47.513746], [-52.807511, 47.514221], [-52.812035, 47.513746], [-52.81444, 47.513898], [-52.814993, 47.516168], [-52.8155, 47.517166], [-52.8185195, 47.5187525], [-52.815422, 47.519567], [-52.813167, 47.519981], [-52.810339, 47.520269], [-52.805833, 47.520333], [-52.803, 47.519833], [-52.799666, 47.519608], [-52.796497, 47.519478], [-52.792485, 47.519368], [-52.790883, 47.5195], [-52.7881745, 47.5197015], [-52.786334, 47.520031], [-52.783207000000004, 47.519966499999995], [-52.7783355, 47.520519500000006], [-52.777711, 47.5221555], [-52.7805, 47.523852], [-52.774114499999996, 47.5238195], [-52.770801000000006, 47.524606500000004], [-52.767719, 47.526108], [-52.764833, 47.526975], [-52.761264, 47.5282455], [-52.758736, 47.529922], [-52.75365, 47.53202], [-52.750122, 47.533785], [-52.75306500000001, 47.534048]]}}, {"type": "Feature", "properties": {"line": "F78", "type": "feeder", "headway_min": 20.0, "run_min": 37.6, "buses": 3, "flags": ["long: these stops are far from any hub; consider on-demand service", "few stops: candidate for on-demand or merging into a trunk"]}, "geometry": {"type": "LineString", "coordinates": [[-52.75306500000001, 47.534048], [-52.750122, 47.533785], [-52.75365, 47.53202], [-52.758736, 47.529922], [-52.761264, 47.5282455], [-52.764833, 47.526975], [-52.767719, 47.526108], [-52.770801000000006, 47.524606500000004], [-52.774114499999996, 47.5238195], [-52.7805, 47.523852], [-52.777711, 47.5221555], [-52.7783355, 47.520519500000006], [-52.783207000000004, 47.519966499999995], [-52.786334, 47.520031], [-52.7881745, 47.5197015], [-52.789156, 47.518666], [-52.793, 47.516666], [-52.79683, 47.51641], [-52.804235, 47.513538], [-52.804061, 47.515214], [-52.804235, 47.513538], [-52.79683, 47.51641], [-52.793, 47.516666], [-52.789156, 47.518666], [-52.7881745, 47.5197015], [-52.786334, 47.520031], [-52.783207000000004, 47.519966499999995], [-52.7783355, 47.520519500000006], [-52.777711, 47.5221555], [-52.7805, 47.523852], [-52.774114499999996, 47.5238195], [-52.770801000000006, 47.524606500000004], [-52.767719, 47.526108], [-52.764833, 47.526975], [-52.761264, 47.5282455], [-52.758736, 47.529922], [-52.75365, 47.53202], [-52.750122, 47.533785], [-52.75306500000001, 47.534048]]}}, {"type": "Feature", "properties": {"line": "F79", "type": "feeder", "headway_min": 20.0, "run_min": 19.7, "buses": 2, "flags": ["few stops: candidate for on-demand or merging into a trunk"]}, "geometry": {"type": "LineString", "coordinates": [[-52.75306500000001, 47.534048], [-52.750122, 47.533785], [-52.75365, 47.53202], [-52.758736, 47.529922], [-52.761264, 47.5282455], [-52.764833, 47.526975], [-52.767719, 47.526108], [-52.770801000000006, 47.524606500000004], [-52.774114499999996, 47.5238195], [-52.7805, 47.523852], [-52.774114499999996, 47.5238195], [-52.770801000000006, 47.524606500000004], [-52.767719, 47.526108], [-52.764833, 47.526975], [-52.761264, 47.5282455], [-52.758736, 47.529922], [-52.75365, 47.53202], [-52.750122, 47.533785], [-52.75306500000001, 47.534048]]}}, {"type": "Feature", "properties": {"line": "F80", "type": "feeder", "headway_min": 20.0, "run_min": 47.5, "buses": 3, "flags": ["long: these stops are far from any hub; consider on-demand service", "few stops: candidate for on-demand or merging into a trunk"]}, "geometry": {"type": "LineString", "coordinates": [[-52.75306500000001, 47.534048], [-52.750122, 47.533785], [-52.75365, 47.53202], [-52.758736, 47.529922], [-52.761264, 47.5282455], [-52.764833, 47.526975], [-52.767719, 47.526108], [-52.770801000000006, 47.524606500000004], [-52.774114499999996, 47.5238195], [-52.7805, 47.523852], [-52.777711, 47.5221555], [-52.7783355, 47.520519500000006], [-52.783207000000004, 47.519966499999995], [-52.786334, 47.520031], [-52.7881745, 47.5197015], [-52.789156, 47.518666], [-52.793, 47.516666], [-52.79683, 47.51641], [-52.804235, 47.513538], [-52.808216, 47.511009], [-52.810342, 47.511372], [-52.816914, 47.511524], [-52.814033, 47.508242], [-52.81626, 47.506286], [-52.819788, 47.506477], [-52.821171, 47.508686], [-52.819788, 47.506477], [-52.81626, 47.506286], [-52.814033, 47.508242], [-52.816914, 47.511524], [-52.810342, 47.511372], [-52.808216, 47.511009], [-52.804235, 47.513538], [-52.79683, 47.51641], [-52.793, 47.516666], [-52.789156, 47.518666], [-52.7881745, 47.5197015], [-52.786334, 47.520031], [-52.783207000000004, 47.519966499999995], [-52.7783355, 47.520519500000006], [-52.777711, 47.5221555], [-52.7805, 47.523852], [-52.774114499999996, 47.5238195], [-52.770801000000006, 47.524606500000004], [-52.767719, 47.526108], [-52.764833, 47.526975], [-52.761264, 47.5282455], [-52.758736, 47.529922], [-52.75365, 47.53202], [-52.750122, 47.533785], [-52.75306500000001, 47.534048]]}}, {"type": "Feature", "properties": {"line": "F81", "type": "feeder", "headway_min": 20.0, "run_min": 27.1, "buses": 2, "flags": ["few stops: candidate for on-demand or merging into a trunk"]}, "geometry": {"type": "LineString", "coordinates": [[-52.75306500000001, 47.534048], [-52.750122, 47.533785], [-52.75365, 47.53202], [-52.758736, 47.529922], [-52.761264, 47.5282455], [-52.764833, 47.526975], [-52.767719, 47.526108], [-52.770801000000006, 47.524606500000004], [-52.774114499999996, 47.5238195], [-52.7805, 47.523852], [-52.777711, 47.5221555], [-52.7783355, 47.520519500000006], [-52.783207000000004, 47.519966499999995], [-52.786334, 47.520031], [-52.7881745, 47.5197015], [-52.790883, 47.5195], [-52.792485, 47.519368], [-52.790883, 47.5195], [-52.7881745, 47.5197015], [-52.786334, 47.520031], [-52.783207000000004, 47.519966499999995], [-52.7783355, 47.520519500000006], [-52.777711, 47.5221555], [-52.7805, 47.523852], [-52.774114499999996, 47.5238195], [-52.770801000000006, 47.524606500000004], [-52.767719, 47.526108], [-52.764833, 47.526975], [-52.761264, 47.5282455], [-52.758736, 47.529922], [-52.75365, 47.53202], [-52.750122, 47.533785], [-52.75306500000001, 47.534048]]}}, {"type": "Feature", "properties": {"line": "F82", "type": "feeder", "headway_min": 20.0, "run_min": 43.7, "buses": 3, "flags": ["long: these stops are far from any hub; consider on-demand service", "few stops: candidate for on-demand or merging into a trunk"]}, "geometry": {"type": "LineString", "coordinates": [[-52.75306500000001, 47.534048], [-52.750122, 47.533785], [-52.75365, 47.53202], [-52.758736, 47.529922], [-52.761264, 47.5282455], [-52.764833, 47.526975], [-52.767719, 47.526108], [-52.770801000000006, 47.524606500000004], [-52.774114499999996, 47.5238195], [-52.7805, 47.523852], [-52.777711, 47.5221555], [-52.7783355, 47.520519500000006], [-52.783207000000004, 47.519966499999995], [-52.786334, 47.520031], [-52.7881745, 47.5197015], [-52.790883, 47.5195], [-52.792485, 47.519368], [-52.796497, 47.519478], [-52.799666, 47.519608], [-52.803, 47.519833], [-52.805833, 47.520333], [-52.810339, 47.520269], [-52.813167, 47.519981], [-52.815422, 47.519567], [-52.8185195, 47.5187525], [-52.8155, 47.517166], [-52.814993, 47.516168], [-52.81444, 47.513898], [-52.812035, 47.513746], [-52.807511, 47.514221], [-52.805211, 47.514443], [-52.807511, 47.514221], [-52.812035, 47.513746], [-52.81444, 47.513898], [-52.814993, 47.516168], [-52.8155, 47.517166], [-52.8185195, 47.5187525], [-52.815422, 47.519567], [-52.813167, 47.519981], [-52.810339, 47.520269], [-52.805833, 47.520333], [-52.803, 47.519833], [-52.799666, 47.519608], [-52.796497, 47.519478], [-52.792485, 47.519368], [-52.790883, 47.5195], [-52.7881745, 47.5197015], [-52.786334, 47.520031], [-52.783207000000004, 47.519966499999995], [-52.7783355, 47.520519500000006], [-52.777711, 47.5221555], [-52.7805, 47.523852], [-52.774114499999996, 47.5238195], [-52.770801000000006, 47.524606500000004], [-52.767719, 47.526108], [-52.764833, 47.526975], [-52.761264, 47.5282455], [-52.758736, 47.529922], [-52.75365, 47.53202], [-52.750122, 47.533785], [-52.75306500000001, 47.534048]]}}, {"type": "Feature", "properties": {"line": "F83", "type": "feeder", "headway_min": 20.0, "run_min": 26.6, "buses": 2, "flags": ["few stops: candidate for on-demand or merging into a trunk"]}, "geometry": {"type": "LineString", "coordinates": [[-52.75306500000001, 47.534048], [-52.750122, 47.533785], [-52.75365, 47.53202], [-52.758736, 47.529922], [-52.761264, 47.5282455], [-52.764833, 47.526975], [-52.767719, 47.526108], [-52.770801000000006, 47.524606500000004], [-52.774114499999996, 47.5238195], [-52.7805, 47.523852], [-52.777711, 47.5221555], [-52.7783355, 47.520519500000006], [-52.783207000000004, 47.519966499999995], [-52.786334, 47.520031], [-52.7881745, 47.5197015], [-52.790883, 47.5195], [-52.7881745, 47.5197015], [-52.786334, 47.520031], [-52.783207000000004, 47.519966499999995], [-52.7783355, 47.520519500000006], [-52.777711, 47.5221555], [-52.7805, 47.523852], [-52.774114499999996, 47.5238195], [-52.770801000000006, 47.524606500000004], [-52.767719, 47.526108], [-52.764833, 47.526975], [-52.761264, 47.5282455], [-52.758736, 47.529922], [-52.75365, 47.53202], [-52.750122, 47.533785], [-52.75306500000001, 47.534048]]}}, {"type": "Feature", "properties": {"line": "F84", "type": "feeder", "headway_min": 20.0, "run_min": 38.5, "buses": 3, "flags": ["long: these stops are far from any hub; consider on-demand service", "few stops: candidate for on-demand or merging into a trunk"]}, "geometry": {"type": "LineString", "coordinates": [[-52.75306500000001, 47.534048], [-52.750122, 47.533785], [-52.75365, 47.53202], [-52.758736, 47.529922], [-52.761264, 47.5282455], [-52.764833, 47.526975], [-52.767719, 47.526108], [-52.770801000000006, 47.524606500000004], [-52.774114499999996, 47.5238195], [-52.7805, 47.523852], [-52.777711, 47.5221555], [-52.7783355, 47.520519500000006], [-52.783207000000004, 47.519966499999995], [-52.786334, 47.520031], [-52.7881745, 47.5197015], [-52.789156, 47.518666], [-52.793, 47.516666], [-52.79683, 47.51641], [-52.804235, 47.513538], [-52.808216, 47.511009], [-52.810342, 47.511372], [-52.808216, 47.511009], [-52.804235, 47.513538], [-52.79683, 47.51641], [-52.793, 47.516666], [-52.789156, 47.518666], [-52.7881745, 47.5197015], [-52.786334, 47.520031], [-52.783207000000004, 47.519966499999995], [-52.7783355, 47.520519500000006], [-52.777711, 47.5221555], [-52.7805, 47.523852], [-52.774114499999996, 47.5238195], [-52.770801000000006, 47.524606500000004], [-52.767719, 47.526108], [-52.764833, 47.526975], [-52.761264, 47.5282455], [-52.758736, 47.529922], [-52.75365, 47.53202], [-52.750122, 47.533785], [-52.75306500000001, 47.534048]]}}, {"type": "Feature", "properties": {"line": "F85", "type": "feeder", "headway_min": 20.0, "run_min": 35.6, "buses": 2, "flags": ["long: these stops are far from any hub; consider on-demand service", "few stops: candidate for on-demand or merging into a trunk"]}, "geometry": {"type": "LineString", "coordinates": [[-52.75306500000001, 47.534048], [-52.750122, 47.533785], [-52.75365, 47.53202], [-52.758736, 47.529922], [-52.761264, 47.5282455], [-52.764833, 47.526975], [-52.767719, 47.526108], [-52.770801000000006, 47.524606500000004], [-52.774114499999996, 47.5238195], [-52.7805, 47.523852], [-52.777711, 47.5221555], [-52.7783355, 47.520519500000006], [-52.783207000000004, 47.519966499999995], [-52.786334, 47.520031], [-52.7881745, 47.5197015], [-52.789156, 47.518666], [-52.793, 47.516666], [-52.79683, 47.51641], [-52.804235, 47.513538], [-52.79683, 47.51641], [-52.793, 47.516666], [-52.789156, 47.518666], [-52.7881745, 47.5197015], [-52.786334, 47.520031], [-52.783207000000004, 47.519966499999995], [-52.7783355, 47.520519500000006], [-52.777711, 47.5221555], [-52.7805, 47.523852], [-52.774114499999996, 47.5238195], [-52.770801000000006, 47.524606500000004], [-52.767719, 47.526108], [-52.764833, 47.526975], [-52.761264, 47.5282455], [-52.758736, 47.529922], [-52.75365, 47.53202], [-52.750122, 47.533785], [-52.75306500000001, 47.534048]]}}, {"type": "Feature", "properties": {"line": "F86", "type": "feeder", "headway_min": 20.0, "run_min": 31.1, "buses": 2, "flags": ["few stops: candidate for on-demand or merging into a trunk"]}, "geometry": {"type": "LineString", "coordinates": [[-52.75306500000001, 47.534048], [-52.750122, 47.533785], [-52.75365, 47.53202], [-52.758736, 47.529922], [-52.761264, 47.5282455], [-52.764833, 47.526975], [-52.767719, 47.526108], [-52.770801000000006, 47.524606500000004], [-52.774114499999996, 47.5238195], [-52.7805, 47.523852], [-52.777711, 47.5221555], [-52.7783355, 47.520519500000006], [-52.783207000000004, 47.519966499999995], [-52.786334, 47.520031], [-52.7881745, 47.5197015], [-52.789156, 47.518666], [-52.793, 47.516666], [-52.79683, 47.51641], [-52.793, 47.516666], [-52.789156, 47.518666], [-52.7881745, 47.5197015], [-52.786334, 47.520031], [-52.783207000000004, 47.519966499999995], [-52.7783355, 47.520519500000006], [-52.777711, 47.5221555], [-52.7805, 47.523852], [-52.774114499999996, 47.5238195], [-52.770801000000006, 47.524606500000004], [-52.767719, 47.526108], [-52.764833, 47.526975], [-52.761264, 47.5282455], [-52.758736, 47.529922], [-52.75365, 47.53202], [-52.750122, 47.533785], [-52.75306500000001, 47.534048]]}}, {"type": "Feature", "properties": {"line": "F87", "type": "feeder", "headway_min": 20.0, "run_min": 45.3, "buses": 3, "flags": ["long: these stops are far from any hub; consider on-demand service", "few stops: candidate for on-demand or merging into a trunk"]}, "geometry": {"type": "LineString", "coordinates": [[-52.75306500000001, 47.534048], [-52.750122, 47.533785], [-52.75365, 47.53202], [-52.758736, 47.529922], [-52.761264, 47.5282455], [-52.764833, 47.526975], [-52.767719, 47.526108], [-52.770801000000006, 47.524606500000004], [-52.774114499999996, 47.5238195], [-52.7805, 47.523852], [-52.777711, 47.5221555], [-52.7783355, 47.520519500000006], [-52.783207000000004, 47.519966499999995], [-52.786334, 47.520031], [-52.7881745, 47.5197015], [-52.790883, 47.5195], [-52.792485, 47.519368], [-52.796497, 47.519478], [-52.799666, 47.519608], [-52.803, 47.519833], [-52.805833, 47.520333], [-52.810339, 47.520269], [-52.813167, 47.519981], [-52.815422, 47.519567], [-52.8185195, 47.5187525], [-52.8155, 47.517166], [-52.814993, 47.516168], [-52.81444, 47.513898], [-52.812035, 47.513746], [-52.807511, 47.514221], [-52.805211, 47.514443], [-52.80274, 47.51382], [-52.805211, 47.514443], [-52.807511, 47.514221], [-52.812035, 47.513746], [-52.81444, 47.513898], [-52.814993, 47.516168], [-52.8155, 47.517166], [-52.8185195, 47.5187525], [-52.815422, 47.519567], [-52.813167, 47.519981], [-52.810339, 47.520269], [-52.805833, 47.520333], [-52.803, 47.519833], [-52.799666, 47.519608], [-52.796497, 47.519478], [-52.792485, 47.519368], [-52.790883, 47.5195], [-52.7881745, 47.5197015], [-52.786334, 47.520031], [-52.783207000000004, 47.519966499999995], [-52.7783355, 47.520519500000006], [-52.777711, 47.5221555], [-52.7805, 47.523852], [-52.774114499999996, 47.5238195], [-52.770801000000006, 47.524606500000004], [-52.767719, 47.526108], [-52.764833, 47.526975], [-52.761264, 47.5282455], [-52.758736, 47.529922], [-52.75365, 47.53202], [-52.750122, 47.533785], [-52.75306500000001, 47.534048]]}}, {"type": "Feature", "properties": {"line": "F88", "type": "feeder", "headway_min": 20.0, "run_min": 25.7, "buses": 2, "flags": ["few stops: candidate for on-demand or merging into a trunk"]}, "geometry": {"type": "LineString", "coordinates": [[-52.75306500000001, 47.534048], [-52.750122, 47.533785], [-52.75365, 47.53202], [-52.758736, 47.529922], [-52.761264, 47.5282455], [-52.764833, 47.526975], [-52.767719, 47.526108], [-52.770801000000006, 47.524606500000004], [-52.774114499999996, 47.5238195], [-52.7805, 47.523852], [-52.777711, 47.5221555], [-52.7783355, 47.520519500000006], [-52.783207000000004, 47.519966499999995], [-52.786334, 47.520031], [-52.7881745, 47.5197015], [-52.786334, 47.520031], [-52.783207000000004, 47.519966499999995], [-52.7783355, 47.520519500000006], [-52.777711, 47.5221555], [-52.7805, 47.523852], [-52.774114499999996, 47.5238195], [-52.770801000000006, 47.524606500000004], [-52.767719, 47.526108], [-52.764833, 47.526975], [-52.761264, 47.5282455], [-52.758736, 47.529922], [-52.75365, 47.53202], [-52.750122, 47.533785], [-52.75306500000001, 47.534048]]}}, {"type": "Feature", "properties": {"line": "F89", "type": "feeder", "headway_min": 20.0, "run_min": 46.7, "buses": 3, "flags": ["long: these stops are far from any hub; consider on-demand service", "few stops: candidate for on-demand or merging into a trunk"]}, "geometry": {"type": "LineString", "coordinates": [[-52.75306500000001, 47.534048], [-52.750122, 47.533785], [-52.75365, 47.53202], [-52.758736, 47.529922], [-52.761264, 47.5282455], [-52.764833, 47.526975], [-52.767719, 47.526108], [-52.770801000000006, 47.524606500000004], [-52.774114499999996, 47.5238195], [-52.7805, 47.523852], [-52.777711, 47.5221555], [-52.7783355, 47.520519500000006], [-52.783207000000004, 47.519966499999995], [-52.786334, 47.520031], [-52.7881745, 47.5197015], [-52.789156, 47.518666], [-52.793, 47.516666], [-52.79683, 47.51641], [-52.804235, 47.513538], [-52.808216, 47.511009], [-52.810342, 47.511372], [-52.816914, 47.511524], [-52.814033, 47.508242], [-52.81626, 47.506286], [-52.819788, 47.506477], [-52.81626, 47.506286], [-52.814033, 47.508242], [-52.816914, 47.511524], [-52.810342, 47.511372], [-52.808216, 47.511009], [-52.804235, 47.513538], [-52.79683, 47.51641], [-52.793, 47.516666], [-52.789156, 47.518666], [-52.7881745, 47.5197015], [-52.786334, 47.520031], [-52.783207000000004, 47.519966499999995], [-52.7783355, 47.520519500000006], [-52.777711, 47.5221555], [-52.7805, 47.523852], [-52.774114499999996, 47.5238195], [-52.770801000000006, 47.524606500000004], [-52.767719, 47.526108], [-52.764833, 47.526975], [-52.761264, 47.5282455], [-52.758736, 47.529922], [-52.75365, 47.53202], [-52.750122, 47.533785], [-52.75306500000001, 47.534048]]}}, {"type": "Feature", "properties": {"line": "F90", "type": "feeder", "headway_min": 20.0, "run_min": 37.3, "buses": 3, "flags": ["long: these stops are far from any hub; consider on-demand service", "few stops: candidate for on-demand or merging into a trunk"]}, "geometry": {"type": "LineString", "coordinates": [[-52.75306500000001, 47.534048], [-52.750122, 47.533785], [-52.75365, 47.53202], [-52.758736, 47.529922], [-52.761264, 47.5282455], [-52.764833, 47.526975], [-52.767719, 47.526108], [-52.770801000000006, 47.524606500000004], [-52.774114499999996, 47.5238195], [-52.7805, 47.523852], [-52.777711, 47.5221555], [-52.7783355, 47.520519500000006], [-52.783207000000004, 47.519966499999995], [-52.786334, 47.520031], [-52.7881745, 47.5197015], [-52.789156, 47.518666], [-52.793, 47.516666], [-52.79683, 47.51641], [-52.804235, 47.513538], [-52.808216, 47.511009], [-52.804235, 47.513538], [-52.79683, 47.51641], [-52.793, 47.516666], [-52.789156, 47.518666], [-52.7881745, 47.5197015], [-52.786334, 47.520031], [-52.783207000000004, 47.519966499999995], [-52.7783355, 47.520519500000006], [-52.777711, 47.5221555], [-52.7805, 47.523852], [-52.774114499999996, 47.5238195], [-52.770801000000006, 47.524606500000004], [-52.767719, 47.526108], [-52.764833, 47.526975], [-52.761264, 47.5282455], [-52.758736, 47.529922], [-52.75365, 47.53202], [-52.750122, 47.533785], [-52.75306500000001, 47.534048]]}}, {"type": "Feature", "properties": {"line": "F91", "type": "feeder", "headway_min": 20.0, "run_min": 25.1, "buses": 2, "flags": ["few stops: candidate for on-demand or merging into a trunk"]}, "geometry": {"type": "LineString", "coordinates": [[-52.75306500000001, 47.534048], [-52.750122, 47.533785], [-52.75365, 47.53202], [-52.758736, 47.529922], [-52.761264, 47.5282455], [-52.764833, 47.526975], [-52.767719, 47.526108], [-52.770801000000006, 47.524606500000004], [-52.774114499999996, 47.5238195], [-52.7805, 47.523852], [-52.777711, 47.5221555], [-52.7783355, 47.520519500000006], [-52.783207000000004, 47.519966499999995], [-52.786334, 47.520031], [-52.783207000000004, 47.519966499999995], [-52.7783355, 47.520519500000006], [-52.777711, 47.5221555], [-52.7805, 47.523852], [-52.774114499999996, 47.5238195], [-52.770801000000006, 47.524606500000004], [-52.767719, 47.526108], [-52.764833, 47.526975], [-52.761264, 47.5282455], [-52.758736, 47.529922], [-52.75365, 47.53202], [-52.750122, 47.533785], [-52.75306500000001, 47.534048]]}}, {"type": "Feature", "properties": {"line": "F92", "type": "feeder", "headway_min": 20.0, "run_min": 44.0, "buses": 3, "flags": ["long: these stops are far from any hub; consider on-demand service", "few stops: candidate for on-demand or merging into a trunk"]}, "geometry": {"type": "LineString", "coordinates": [[-52.75306500000001, 47.534048], [-52.750122, 47.533785], [-52.75365, 47.53202], [-52.758736, 47.529922], [-52.761264, 47.5282455], [-52.764833, 47.526975], [-52.767719, 47.526108], [-52.770801000000006, 47.524606500000004], [-52.774114499999996, 47.5238195], [-52.7805, 47.523852], [-52.777711, 47.5221555], [-52.7783355, 47.520519500000006], [-52.783207000000004, 47.519966499999995], [-52.786334, 47.520031], [-52.7881745, 47.5197015], [-52.789156, 47.518666], [-52.793, 47.516666], [-52.79683, 47.51641], [-52.804235, 47.513538], [-52.808216, 47.511009], [-52.810342, 47.511372], [-52.816914, 47.511524], [-52.814033, 47.508242], [-52.816914, 47.511524], [-52.810342, 47.511372], [-52.808216, 47.511009], [-52.804235, 47.513538], [-52.79683, 47.51641], [-52.793, 47.516666], [-52.789156, 47.518666], [-52.7881745, 47.5197015], [-52.786334, 47.520031], [-52.783207000000004, 47.519966499999995], [-52.7783355, 47.520519500000006], [-52.777711, 47.5221555], [-52.7805, 47.523852], [-52.774114499999996, 47.5238195], [-52.770801000000006, 47.524606500000004], [-52.767719, 47.526108], [-52.764833, 47.526975], [-52.761264, 47.5282455], [-52.758736, 47.529922], [-52.75365, 47.53202], [-52.750122, 47.533785], [-52.75306500000001, 47.534048]]}}, {"type": "Feature", "properties": {"line": "F93", "type": "feeder", "headway_min": 20.0, "run_min": 37.2, "buses": 3, "flags": ["long: these stops are far from any hub; consider on-demand service", "few stops: candidate for on-demand or merging into a trunk"]}, "geometry": {"type": "LineString", "coordinates": [[-52.75306500000001, 47.534048], [-52.750122, 47.533785], [-52.75365, 47.53202], [-52.758736, 47.529922], [-52.761264, 47.5282455], [-52.764833, 47.526975], [-52.767719, 47.526108], [-52.770801000000006, 47.524606500000004], [-52.774114499999996, 47.5238195], [-52.7805, 47.523852], [-52.777711, 47.5221555], [-52.7783355, 47.520519500000006], [-52.783207000000004, 47.519966499999995], [-52.786334, 47.520031], [-52.7881745, 47.5197015], [-52.789156, 47.518666], [-52.793, 47.516666], [-52.79683, 47.51641], [-52.804235, 47.513538], [-52.804926, 47.511982], [-52.804235, 47.513538], [-52.79683, 47.51641], [-52.793, 47.516666], [-52.789156, 47.518666], [-52.7881745, 47.5197015], [-52.786334, 47.520031], [-52.783207000000004, 47.519966499999995], [-52.7783355, 47.520519500000006], [-52.777711, 47.5221555], [-52.7805, 47.523852], [-52.774114499999996, 47.5238195], [-52.770801000000006, 47.524606500000004], [-52.767719, 47.526108], [-52.764833, 47.526975], [-52.761264, 47.5282455], [-52.758736, 47.529922], [-52.75365, 47.53202], [-52.750122, 47.533785], [-52.75306500000001, 47.534048]]}}, {"type": "Feature", "properties": {"line": "F94", "type": "feeder", "headway_min": 20.0, "run_min": 29.2, "buses": 2, "flags": ["few stops: candidate for on-demand or merging into a trunk"]}, "geometry": {"type": "LineString", "coordinates": [[-52.75306500000001, 47.534048], [-52.750122, 47.533785], [-52.75365, 47.53202], [-52.758736, 47.529922], [-52.761264, 47.5282455], [-52.764833, 47.526975], [-52.767719, 47.526108], [-52.770801000000006, 47.524606500000004], [-52.774114499999996, 47.5238195], [-52.7805, 47.523852], [-52.777711, 47.5221555], [-52.7783355, 47.520519500000006], [-52.783207000000004, 47.519966499999995], [-52.786334, 47.520031], [-52.7881745, 47.5197015], [-52.789156, 47.518666], [-52.793, 47.516666], [-52.789156, 47.518666], [-52.7881745, 47.5197015], [-52.786334, 47.520031], [-52.783207000000004, 47.519966499999995], [-52.7783355, 47.520519500000006], [-52.777711, 47.5221555], [-52.7805, 47.523852], [-52.774114499999996, 47.5238195], [-52.770801000000006, 47.524606500000004], [-52.767719, 47.526108], [-52.764833, 47.526975], [-52.761264, 47.5282455], [-52.758736, 47.529922], [-52.75365, 47.53202], [-52.750122, 47.533785], [-52.75306500000001, 47.534048]]}}, {"type": "Feature", "properties": {"line": "F95", "type": "feeder", "headway_min": 20.0, "run_min": 41.9, "buses": 3, "flags": ["long: these stops are far from any hub; consider on-demand service", "few stops: candidate for on-demand or merging into a trunk"]}, "geometry": {"type": "LineString", "coordinates": [[-52.75306500000001, 47.534048], [-52.750122, 47.533785], [-52.75365, 47.53202], [-52.758736, 47.529922], [-52.761264, 47.5282455], [-52.764833, 47.526975], [-52.767719, 47.526108], [-52.770801000000006, 47.524606500000004], [-52.774114499999996, 47.5238195], [-52.7805, 47.523852], [-52.777711, 47.5221555], [-52.7783355, 47.520519500000006], [-52.783207000000004, 47.519966499999995], [-52.786334, 47.520031], [-52.7881745, 47.5197015], [-52.789156, 47.518666], [-52.793, 47.516666], [-52.79683, 47.51641], [-52.804235, 47.513538], [-52.804926, 47.511982], [-52.806122, 47.509951], [-52.811116, 47.508773], [-52.806122, 47.509951], [-52.804926, 47.511982], [-52.804235, 47.513538], [-52.79683, 47.51641], [-52.793, 47.516666], [-52.789156, 47.518666], [-52.7881745, 47.5197015], [-52.786334, 47.520031], [-52.783207000000004, 47.519966499999995], [-52.7783355, 47.520519500000006], [-52.777711, 47.5221555], [-52.7805, 47.523852], [-52.774114499999996, 47.5238195], [-52.770801000000006, 47.524606500000004], [-52.767719, 47.526108], [-52.764833, 47.526975], [-52.761264, 47.5282455], [-52.758736, 47.529922], [-52.75365, 47.53202], [-52.750122, 47.533785], [-52.75306500000001, 47.534048]]}}, {"type": "Feature", "properties": {"line": "F96", "type": "feeder", "headway_min": 20.0, "run_min": 41.3, "buses": 3, "flags": ["long: these stops are far from any hub; consider on-demand service", "few stops: candidate for on-demand or merging into a trunk"]}, "geometry": {"type": "LineString", "coordinates": [[-52.75306500000001, 47.534048], [-52.750122, 47.533785], [-52.75365, 47.53202], [-52.758736, 47.529922], [-52.761264, 47.5282455], [-52.764833, 47.526975], [-52.767719, 47.526108], [-52.770801000000006, 47.524606500000004], [-52.774114499999996, 47.5238195], [-52.7805, 47.523852], [-52.777711, 47.5221555], [-52.7783355, 47.520519500000006], [-52.783207000000004, 47.519966499999995], [-52.786334, 47.520031], [-52.7881745, 47.5197015], [-52.789156, 47.518666], [-52.793, 47.516666], [-52.79683, 47.51641], [-52.804235, 47.513538], [-52.808216, 47.511009], [-52.814385, 47.507301], [-52.808216, 47.511009], [-52.804235, 47.513538], [-52.79683, 47.51641], [-52.793, 47.516666], [-52.789156, 47.518666], [-52.7881745, 47.5197015], [-52.786334, 47.520031], [-52.783207000000004, 47.519966499999995], [-52.7783355, 47.520519500000006], [-52.777711, 47.5221555], [-52.7805, 47.523852], [-52.774114499999996, 47.5238195], [-52.770801000000006, 47.524606500000004], [-52.767719, 47.526108], [-52.764833, 47.526975], [-52.761264, 47.5282455], [-52.758736, 47.529922], [-52.75365, 47.53202], [-52.750122, 47.533785], [-52.75306500000001, 47.534048]]}}, {"type": "Feature", "properties": {"line": "F97", "type": "feeder", "headway_min": 20.0, "run_min": 45.6, "buses": 3, "flags": ["long: these stops are far from any hub; consider on-demand service", "few stops: candidate for on-demand or merging into a trunk"]}, "geometry": {"type": "LineString", "coordinates": [[-52.75306500000001, 47.534048], [-52.750122, 47.533785], [-52.75365, 47.53202], [-52.758736, 47.529922], [-52.761264, 47.5282455], [-52.764833, 47.526975], [-52.767719, 47.526108], [-52.770801000000006, 47.524606500000004], [-52.774114499999996, 47.5238195], [-52.7805, 47.523852], [-52.777711, 47.5221555], [-52.7783355, 47.520519500000006], [-52.783207000000004, 47.519966499999995], [-52.786334, 47.520031], [-52.7881745, 47.5197015], [-52.789156, 47.518666], [-52.793, 47.516666], [-52.79683, 47.51641], [-52.804235, 47.513538], [-52.808216, 47.511009], [-52.810342, 47.511372], [-52.816914, 47.511524], [-52.814033, 47.508242], [-52.81626, 47.506286], [-52.814033, 47.508242], [-52.816914, 47.511524], [-52.810342, 47.511372], [-52.808216, 47.511009], [-52.804235, 47.513538], [-52.79683, 47.51641], [-52.793, 47.516666], [-52.789156, 47.518666], [-52.7881745, 47.5197015], [-52.786334, 47.520031], [-52.783207000000004, 47.519966499999995], [-52.7783355, 47.520519500000006], [-52.777711, 47.5221555], [-52.7805, 47.523852], [-52.774114499999996, 47.5238195], [-52.770801000000006, 47.524606500000004], [-52.767719, 47.526108], [-52.764833, 47.526975], [-52.761264, 47.5282455], [-52.758736, 47.529922], [-52.75365, 47.53202], [-52.750122, 47.533785], [-52.75306500000001, 47.534048]]}}, {"type": "Feature", "properties": {"line": "F98", "type": "feeder", "headway_min": 20.0, "run_min": 38.9, "buses": 3, "flags": ["long: these stops are far from any hub; consider on-demand service", "few stops: candidate for on-demand or merging into a trunk"]}, "geometry": {"type": "LineString", "coordinates": [[-52.75306500000001, 47.534048], [-52.750122, 47.533785], [-52.75365, 47.53202], [-52.758736, 47.529922], [-52.761264, 47.5282455], [-52.764833, 47.526975], [-52.767719, 47.526108], [-52.770801000000006, 47.524606500000004], [-52.774114499999996, 47.5238195], [-52.7805, 47.523852], [-52.777711, 47.5221555], [-52.7783355, 47.520519500000006], [-52.783207000000004, 47.519966499999995], [-52.786334, 47.520031], [-52.7881745, 47.5197015], [-52.789156, 47.518666], [-52.793, 47.516666], [-52.79683, 47.51641], [-52.804235, 47.513538], [-52.804926, 47.511982], [-52.806122, 47.509951], [-52.804926, 47.511982], [-52.804235, 47.513538], [-52.79683, 47.51641], [-52.793, 47.516666], [-52.789156, 47.518666], [-52.7881745, 47.5197015], [-52.786334, 47.520031], [-52.783207000000004, 47.519966499999995], [-52.7783355, 47.520519500000006], [-52.777711, 47.5221555], [-52.7805, 47.523852], [-52.774114499999996, 47.5238195], [-52.770801000000006, 47.524606500000004], [-52.767719, 47.526108], [-52.764833, 47.526975], [-52.761264, 47.5282455], [-52.758736, 47.529922], [-52.75365, 47.53202], [-52.750122, 47.533785], [-52.75306500000001, 47.534048]]}}, {"type": "Feature", "properties": {"line": "F99", "type": "feeder", "headway_min": 20.0, "run_min": 43.1, "buses": 3, "flags": ["long: these stops are far from any hub; consider on-demand service", "few stops: candidate for on-demand or merging into a trunk"]}, "geometry": {"type": "LineString", "coordinates": [[-52.75306500000001, 47.534048], [-52.750122, 47.533785], [-52.75365, 47.53202], [-52.758736, 47.529922], [-52.761264, 47.5282455], [-52.764833, 47.526975], [-52.767719, 47.526108], [-52.770801000000006, 47.524606500000004], [-52.774114499999996, 47.5238195], [-52.7805, 47.523852], [-52.777711, 47.5221555], [-52.7783355, 47.520519500000006], [-52.783207000000004, 47.519966499999995], [-52.786334, 47.520031], [-52.7881745, 47.5197015], [-52.789156, 47.518666], [-52.793, 47.516666], [-52.79683, 47.51641], [-52.804235, 47.513538], [-52.808216, 47.511009], [-52.814385, 47.507301], [-52.814053, 47.505711], [-52.814385, 47.507301], [-52.808216, 47.511009], [-52.804235, 47.513538], [-52.79683, 47.51641], [-52.793, 47.516666], [-52.789156, 47.518666], [-52.7881745, 47.5197015], [-52.786334, 47.520031], [-52.783207000000004, 47.519966499999995], [-52.7783355, 47.520519500000006], [-52.777711, 47.5221555], [-52.7805, 47.523852], [-52.774114499999996, 47.5238195], [-52.770801000000006, 47.524606500000004], [-52.767719, 47.526108], [-52.764833, 47.526975], [-52.761264, 47.5282455], [-52.758736, 47.529922], [-52.75365, 47.53202], [-52.750122, 47.533785], [-52.75306500000001, 47.534048]]}}, {"type": "Feature", "properties": {"line": "F100", "type": "feeder", "headway_min": 20.0, "run_min": 24.0, "buses": 2, "flags": ["few stops: candidate for on-demand or merging into a trunk"]}, "geometry": {"type": "LineString", "coordinates": [[-52.75306500000001, 47.534048], [-52.750122, 47.533785], [-52.75365, 47.53202], [-52.758736, 47.529922], [-52.761264, 47.5282455], [-52.764833, 47.526975], [-52.767719, 47.526108], [-52.770801000000006, 47.524606500000004], [-52.774114499999996, 47.5238195], [-52.7805, 47.523852], [-52.777711, 47.5221555], [-52.7783355, 47.520519500000006], [-52.783207000000004, 47.519966499999995], [-52.7783355, 47.520519500000006], [-52.777711, 47.5221555], [-52.7805, 47.523852], [-52.774114499999996, 47.5238195], [-52.770801000000006, 47.524606500000004], [-52.767719, 47.526108], [-52.764833, 47.526975], [-52.761264, 47.5282455], [-52.758736, 47.529922], [-52.75365, 47.53202], [-52.750122, 47.533785], [-52.75306500000001, 47.534048]]}}, {"type": "Feature", "properties": {"line": "F101", "type": "feeder", "headway_min": 20.0, "run_min": 46.9, "buses": 3, "flags": ["long: these stops are far from any hub; consider on-demand service", "few stops: candidate for on-demand or merging into a trunk"]}, "geometry": {"type": "LineString", "coordinates": [[-52.75306500000001, 47.534048], [-52.750122, 47.533785], [-52.75365, 47.53202], [-52.758736, 47.529922], [-52.761264, 47.5282455], [-52.764833, 47.526975], [-52.767719, 47.526108], [-52.770801000000006, 47.524606500000004], [-52.774114499999996, 47.5238195], [-52.7805, 47.523852], [-52.777711, 47.5221555], [-52.7783355, 47.520519500000006], [-52.783207000000004, 47.519966499999995], [-52.786334, 47.520031], [-52.7881745, 47.5197015], [-52.790883, 47.5195], [-52.792485, 47.519368], [-52.796497, 47.519478], [-52.799666, 47.519608], [-52.803, 47.519833], [-52.805833, 47.520333], [-52.810339, 47.520269], [-52.813167, 47.519981], [-52.815422, 47.519567], [-52.8185195, 47.5187525], [-52.8155, 47.517166], [-52.814993, 47.516168], [-52.81444, 47.513898], [-52.812035, 47.513746], [-52.807511, 47.514221], [-52.805211, 47.514443], [-52.80274, 47.51382], [-52.80036, 47.511876], [-52.80274, 47.51382], [-52.805211, 47.514443], [-52.807511, 47.514221], [-52.812035, 47.513746], [-52.81444, 47.513898], [-52.814993, 47.516168], [-52.8155, 47.517166], [-52.8185195, 47.5187525], [-52.815422, 47.519567], [-52.813167, 47.519981], [-52.810339, 47.520269], [-52.805833, 47.520333], [-52.803, 47.519833], [-52.799666, 47.519608], [-52.796497, 47.519478], [-52.792485, 47.519368], [-52.790883, 47.5195], [-52.7881745, 47.5197015], [-52.786334, 47.520031], [-52.783207000000004, 47.519966499999995], [-52.7783355, 47.520519500000006], [-52.777711, 47.5221555], [-52.7805, 47.523852], [-52.774114499999996, 47.5238195], [-52.770801000000006, 47.524606500000004], [-52.767719, 47.526108], [-52.764833, 47.526975], [-52.761264, 47.5282455], [-52.758736, 47.529922], [-52.75365, 47.53202], [-52.750122, 47.533785], [-52.75306500000001, 47.534048]]}}, {"type": "Feature", "properties": {"line": "F102", "type": "feeder", "headway_min": 20.0, "run_min": 21.3, "buses": 2, "flags": ["few stops: candidate for on-demand or merging into a trunk"]}, "geometry": {"type": "LineString", "coordinates": [[-52.75306500000001, 47.534048], [-52.750122, 47.533785], [-52.75365, 47.53202], [-52.758736, 47.529922], [-52.761264, 47.5282455], [-52.764833, 47.526975], [-52.767719, 47.526108], [-52.770801000000006, 47.524606500000004], [-52.774114499999996, 47.5238195], [-52.7805, 47.523852], [-52.777711, 47.5221555], [-52.7805, 47.523852], [-52.774114499999996, 47.5238195], [-52.770801000000006, 47.524606500000004], [-52.767719, 47.526108], [-52.764833, 47.526975], [-52.761264, 47.5282455], [-52.758736, 47.529922], [-52.75365, 47.53202], [-52.750122, 47.533785], [-52.75306500000001, 47.534048]]}}, {"type": "Feature", "properties": {"line": "F103", "type": "feeder", "headway_min": 20.0, "run_min": 45.8, "buses": 3, "flags": ["long: these stops are far from any hub; consider on-demand service", "few stops: candidate for on-demand or merging into a trunk"]}, "geometry": {"type": "LineString", "coordinates": [[-52.75306500000001, 47.534048], [-52.750122, 47.533785], [-52.75365, 47.53202], [-52.758736, 47.529922], [-52.761264, 47.5282455], [-52.764833, 47.526975], [-52.767719, 47.526108], [-52.770801000000006, 47.524606500000004], [-52.774114499999996, 47.5238195], [-52.7805, 47.523852], [-52.777711, 47.5221555], [-52.7783355, 47.520519500000006], [-52.783207000000004, 47.519966499999995], [-52.786334, 47.520031], [-52.7881745, 47.5197015], [-52.789156, 47.518666], [-52.793, 47.516666], [-52.79683, 47.51641], [-52.804235, 47.513538], [-52.808216, 47.511009], [-52.814385, 47.507301], [-52.814053, 47.505711], [-52.811764, 47.505395], [-52.809881, 47.506431], [-52.811764, 47.505395], [-52.814053, 47.505711], [-52.814385, 47.507301], [-52.808216, 47.511009], [-52.804235, 47.513538], [-52.79683, 47.51641], [-52.793, 47.516666], [-52.789156, 47.518666], [-52.7881745, 47.5197015], [-52.786334, 47.520031], [-52.783207000000004, 47.519966499999995], [-52.7783355, 47.520519500000006], [-52.777711, 47.5221555], [-52.7805, 47.523852], [-52.774114499999996, 47.5238195], [-52.770801000000006, 47.524606500000004], [-52.767719, 47.526108], [-52.764833, 47.526975], [-52.761264, 47.5282455], [-52.758736, 47.529922], [-52.75365, 47.53202], [-52.750122, 47.533785], [-52.75306500000001, 47.534048]]}}, {"type": "Feature", "properties": {"line": "F104", "type": "feeder", "headway_min": 20.0, "run_min": 44.4, "buses": 3, "flags": ["long: these stops are far from any hub; consider on-demand service", "few stops: candidate for on-demand or merging into a trunk"]}, "geometry": {"type": "LineString", "coordinates": [[-52.75306500000001, 47.534048], [-52.750122, 47.533785], [-52.75365, 47.53202], [-52.758736, 47.529922], [-52.761264, 47.5282455], [-52.764833, 47.526975], [-52.767719, 47.526108], [-52.770801000000006, 47.524606500000004], [-52.774114499999996, 47.5238195], [-52.7805, 47.523852], [-52.777711, 47.5221555], [-52.7783355, 47.520519500000006], [-52.783207000000004, 47.519966499999995], [-52.786334, 47.520031], [-52.7881745, 47.5197015], [-52.789156, 47.518666], [-52.793, 47.516666], [-52.79683, 47.51641], [-52.804235, 47.513538], [-52.808216, 47.511009], [-52.814385, 47.507301], [-52.814053, 47.505711], [-52.811764, 47.505395], [-52.814053, 47.505711], [-52.814385, 47.507301], [-52.808216, 47.511009], [-52.804235, 47.513538], [-52.79683, 47.51641], [-52.793, 47.516666], [-52.789156, 47.518666], [-52.7881745, 47.5197015], [-52.786334, 47.520031], [-52.783207000000004, 47.519966499999995], [-52.7783355, 47.520519500000006], [-52.777711, 47.5221555], [-52.7805, 47.523852], [-52.774114499999996, 47.5238195], [-52.770801000000006, 47.524606500000004], [-52.767719, 47.526108], [-52.764833, 47.526975], [-52.761264, 47.5282455], [-52.758736, 47.529922], [-52.75365, 47.53202], [-52.750122, 47.533785], [-52.75306500000001, 47.534048]]}}, {"type": "Feature", "properties": {"line": "F105", "type": "feeder", "headway_min": 20.0, "run_min": 47.9, "buses": 3, "flags": ["long: these stops are far from any hub; consider on-demand service", "few stops: candidate for on-demand or merging into a trunk"]}, "geometry": {"type": "LineString", "coordinates": [[-52.75306500000001, 47.534048], [-52.750122, 47.533785], [-52.75365, 47.53202], [-52.758736, 47.529922], [-52.761264, 47.5282455], [-52.764833, 47.526975], [-52.767719, 47.526108], [-52.770801000000006, 47.524606500000004], [-52.774114499999996, 47.5238195], [-52.7805, 47.523852], [-52.777711, 47.5221555], [-52.7783355, 47.520519500000006], [-52.783207000000004, 47.519966499999995], [-52.786334, 47.520031], [-52.7881745, 47.5197015], [-52.789156, 47.518666], [-52.793, 47.516666], [-52.79683, 47.51641], [-52.804235, 47.513538], [-52.808216, 47.511009], [-52.814385, 47.507301], [-52.814053, 47.505711], [-52.811764, 47.505395], [-52.809881, 47.506431], [-52.807775, 47.505153], [-52.807711, 47.507098], [-52.807775, 47.505153], [-52.809881, 47.506431], [-52.811764, 47.505395], [-52.814053, 47.505711], [-52.814385, 47.507301], [-52.808216, 47.511009], [-52.804235, 47.513538], [-52.79683, 47.51641], [-52.793, 47.516666], [-52.789156, 47.518666], [-52.7881745, 47.5197015], [-52.786334, 47.520031], [-52.783207000000004, 47.519966499999995], [-52.7783355, 47.520519500000006], [-52.777711, 47.5221555], [-52.7805, 47.523852], [-52.774114499999996, 47.5238195], [-52.770801000000006, 47.524606500000004], [-52.767719, 47.526108], [-52.764833, 47.526975], [-52.761264, 47.5282455], [-52.758736, 47.529922], [-52.75365, 47.53202], [-52.750122, 47.533785], [-52.75306500000001, 47.534048]]}}, {"type": "Feature", "properties": {"line": "F106", "type": "feeder", "headway_min": 20.0, "run_min": 13.5, "buses": 1, "flags": ["few stops: candidate for on-demand or merging into a trunk"]}, "geometry": {"type": "LineString", "coordinates": [[-52.75306500000001, 47.534048], [-52.750122, 47.533785], [-52.75365, 47.53202], [-52.758736, 47.529922], [-52.761264, 47.5282455], [-52.764833, 47.526975], [-52.767719, 47.526108], [-52.77001, 47.52568], [-52.767719, 47.526108], [-52.764833, 47.526975], [-52.761264, 47.5282455], [-52.758736, 47.529922], [-52.75365, 47.53202], [-52.750122, 47.533785], [-52.75306500000001, 47.534048]]}}, {"type": "Feature", "properties": {"line": "F107", "type": "feeder", "headway_min": 20.0, "run_min": 46.8, "buses": 3, "flags": ["long: these stops are far from any hub; consider on-demand service", "few stops: candidate for on-demand or merging into a trunk"]}, "geometry": {"type": "LineString", "coordinates": [[-52.75306500000001, 47.534048], [-52.750122, 47.533785], [-52.75365, 47.53202], [-52.758736, 47.529922], [-52.761264, 47.5282455], [-52.764833, 47.526975], [-52.767719, 47.526108], [-52.770801000000006, 47.524606500000004], [-52.774114499999996, 47.5238195], [-52.7805, 47.523852], [-52.777711, 47.5221555], [-52.7783355, 47.520519500000006], [-52.783207000000004, 47.519966499999995], [-52.786334, 47.520031], [-52.7881745, 47.5197015], [-52.789156, 47.518666], [-52.793, 47.516666], [-52.79683, 47.51641], [-52.804235, 47.513538], [-52.808216, 47.511009], [-52.814385, 47.507301], [-52.814053, 47.505711], [-52.811764, 47.505395], [-52.809881, 47.506431], [-52.807775, 47.505153], [-52.809881, 47.506431], [-52.811764, 47.505395], [-52.814053, 47.505711], [-52.814385, 47.507301], [-52.808216, 47.511009], [-52.804235, 47.513538], [-52.79683, 47.51641], [-52.793, 47.516666], [-52.789156, 47.518666], [-52.7881745, 47.5197015], [-52.786334, 47.520031], [-52.783207000000004, 47.519966499999995], [-52.7783355, 47.520519500000006], [-52.777711, 47.5221555], [-52.7805, 47.523852], [-52.774114499999996, 47.5238195], [-52.770801000000006, 47.524606500000004], [-52.767719, 47.526108], [-52.764833, 47.526975], [-52.761264, 47.5282455], [-52.758736, 47.529922], [-52.75365, 47.53202], [-52.750122, 47.533785], [-52.75306500000001, 47.534048]]}}, {"type": "Feature", "properties": {"line": "F108", "type": "feeder", "headway_min": 20.0, "run_min": 13.6, "buses": 1, "flags": ["few stops: candidate for on-demand or merging into a trunk"]}, "geometry": {"type": "LineString", "coordinates": [[-52.75306500000001, 47.534048], [-52.750122, 47.533785], [-52.75365, 47.53202], [-52.758736, 47.529922], [-52.761264, 47.5282455], [-52.764833, 47.526975], [-52.767719, 47.526108], [-52.770801000000006, 47.524606500000004], [-52.767719, 47.526108], [-52.764833, 47.526975], [-52.761264, 47.5282455], [-52.758736, 47.529922], [-52.75365, 47.53202], [-52.750122, 47.533785], [-52.75306500000001, 47.534048]]}}, {"type": "Feature", "properties": {"line": "F109", "type": "feeder", "headway_min": 20.0, "run_min": 48.4, "buses": 3, "flags": ["long: these stops are far from any hub; consider on-demand service", "few stops: candidate for on-demand or merging into a trunk"]}, "geometry": {"type": "LineString", "coordinates": [[-52.75306500000001, 47.534048], [-52.750122, 47.533785], [-52.75365, 47.53202], [-52.758736, 47.529922], [-52.761264, 47.5282455], [-52.764833, 47.526975], [-52.767719, 47.526108], [-52.770801000000006, 47.524606500000004], [-52.774114499999996, 47.5238195], [-52.7805, 47.523852], [-52.777711, 47.5221555], [-52.7783355, 47.520519500000006], [-52.783207000000004, 47.519966499999995], [-52.786334, 47.520031], [-52.7881745, 47.5197015], [-52.790883, 47.5195], [-52.792485, 47.519368], [-52.796497, 47.519478], [-52.799666, 47.519608], [-52.803, 47.519833], [-52.805833, 47.520333], [-52.810339, 47.520269], [-52.813167, 47.519981], [-52.815422, 47.519567], [-52.8185195, 47.5187525], [-52.8155, 47.517166], [-52.814993, 47.516168], [-52.81444, 47.513898], [-52.812035, 47.513746], [-52.807511, 47.514221], [-52.805211, 47.514443], [-52.80274, 47.51382], [-52.80036, 47.511876], [-52.798, 47.51], [-52.80036, 47.511876], [-52.80274, 47.51382], [-52.805211, 47.514443], [-52.807511, 47.514221], [-52.812035, 47.513746], [-52.81444, 47.513898], [-52.814993, 47.516168], [-52.8155, 47.517166], [-52.8185195, 47.5187525], [-52.815422, 47.519567], [-52.813167, 47.519981], [-52.810339, 47.520269], [-52.805833, 47.520333], [-52.803, 47.519833], [-52.799666, 47.519608], [-52.796497, 47.519478], [-52.792485, 47.519368], [-52.790883, 47.5195], [-52.7881745, 47.5197015], [-52.786334, 47.520031], [-52.783207000000004, 47.519966499999995], [-52.7783355, 47.520519500000006], [-52.777711, 47.5221555], [-52.7805, 47.523852], [-52.774114499999996, 47.5238195], [-52.770801000000006, 47.524606500000004], [-52.767719, 47.526108], [-52.764833, 47.526975], [-52.761264, 47.5282455], [-52.758736, 47.529922], [-52.75365, 47.53202], [-52.750122, 47.533785], [-52.75306500000001, 47.534048]]}}, {"type": "Feature", "properties": {"line": "F110", "type": "feeder", "headway_min": 20.0, "run_min": 22.4, "buses": 2, "flags": ["few stops: candidate for on-demand or merging into a trunk"]}, "geometry": {"type": "LineString", "coordinates": [[-52.75306500000001, 47.534048], [-52.750122, 47.533785], [-52.75365, 47.53202], [-52.758736, 47.529922], [-52.761264, 47.5282455], [-52.764833, 47.526975], [-52.767719, 47.526108], [-52.770801000000006, 47.524606500000004], [-52.774114499999996, 47.5238195], [-52.7805, 47.523852], [-52.777711, 47.5221555], [-52.7783355, 47.520519500000006], [-52.777711, 47.5221555], [-52.7805, 47.523852], [-52.774114499999996, 47.5238195], [-52.770801000000006, 47.524606500000004], [-52.767719, 47.526108], [-52.764833, 47.526975], [-52.761264, 47.5282455], [-52.758736, 47.529922], [-52.75365, 47.53202], [-52.750122, 47.533785], [-52.75306500000001, 47.534048]]}}, {"type": "Feature", "properties": {"line": "F111", "type": "feeder", "headway_min": 20.0, "run_min": 49.5, "buses": 3, "flags": ["long: these stops are far from any hub; consider on-demand service", "few stops: candidate for on-demand or merging into a trunk"]}, "geometry": {"type": "LineString", "coordinates": [[-52.75306500000001, 47.534048], [-52.750122, 47.533785], [-52.75365, 47.53202], [-52.758736, 47.529922], [-52.761264, 47.5282455], [-52.764833, 47.526975], [-52.767719, 47.526108], [-52.770801000000006, 47.524606500000004], [-52.774114499999996, 47.5238195], [-52.7805, 47.523852], [-52.777711, 47.5221555], [-52.7783355, 47.520519500000006], [-52.783207000000004, 47.519966499999995], [-52.786334, 47.520031], [-52.7881745, 47.5197015], [-52.789156, 47.518666], [-52.793, 47.516666], [-52.79683, 47.51641], [-52.804235, 47.513538], [-52.808216, 47.511009], [-52.814385, 47.507301], [-52.814053, 47.505711], [-52.811764, 47.505395], [-52.809881, 47.506431], [-52.807775, 47.505153], [-52.807711, 47.507098], [-52.803758, 47.506511], [-52.807711, 47.507098], [-52.807775, 47.505153], [-52.809881, 47.506431], [-52.811764, 47.505395], [-52.814053, 47.505711], [-52.814385, 47.507301], [-52.808216, 47.511009], [-52.804235, 47.513538], [-52.79683, 47.51641], [-52.793, 47.516666], [-52.789156, 47.518666], [-52.7881745, 47.5197015], [-52.786334, 47.520031], [-52.783207000000004, 47.519966499999995], [-52.7783355, 47.520519500000006], [-52.777711, 47.5221555], [-52.7805, 47.523852], [-52.774114499999996, 47.5238195], [-52.770801000000006, 47.524606500000004], [-52.767719, 47.526108], [-52.764833, 47.526975], [-52.761264, 47.5282455], [-52.758736, 47.529922], [-52.75365, 47.53202], [-52.750122, 47.533785], [-52.75306500000001, 47.534048]]}}, {"type": "Feature", "properties": {"line": "F112", "type": "feeder", "headway_min": 20.0, "run_min": 8.6, "buses": 1, "flags": ["few stops: candidate for on-demand or merging into a trunk"]}, "geometry": {"type": "LineString", "coordinates": [[-52.75306500000001, 47.534048], [-52.750122, 47.533785], [-52.7558, 47.53097], [-52.75851, 47.53104], [-52.7558, 47.53097], [-52.750122, 47.533785], [-52.75306500000001, 47.534048]]}}, {"type": "Feature", "properties": {"line": "F113", "type": "feeder", "headway_min": 20.0, "run_min": 51.9, "buses": 3, "flags": ["long: these stops are far from any hub; consider on-demand service", "few stops: candidate for on-demand or merging into a trunk"]}, "geometry": {"type": "LineString", "coordinates": [[-52.75306500000001, 47.534048], [-52.750122, 47.533785], [-52.75365, 47.53202], [-52.758736, 47.529922], [-52.761264, 47.5282455], [-52.764833, 47.526975], [-52.767719, 47.526108], [-52.770801000000006, 47.524606500000004], [-52.774114499999996, 47.5238195], [-52.7805, 47.523852], [-52.777711, 47.5221555], [-52.7783355, 47.520519500000006], [-52.783207000000004, 47.519966499999995], [-52.786334, 47.520031], [-52.7881745, 47.5197015], [-52.789156, 47.518666], [-52.793, 47.516666], [-52.79683, 47.51641], [-52.804235, 47.513538], [-52.808216, 47.511009], [-52.814385, 47.507301], [-52.814053, 47.505711], [-52.811764, 47.505395], [-52.809881, 47.506431], [-52.807775, 47.505153], [-52.807711, 47.507098], [-52.803758, 47.506511], [-52.806578, 47.5027], [-52.803758, 47.506511], [-52.807711, 47.507098], [-52.807775, 47.505153], [-52.809881, 47.506431], [-52.811764, 47.505395], [-52.814053, 47.505711], [-52.814385, 47.507301], [-52.808216, 47.511009], [-52.804235, 47.513538], [-52.79683, 47.51641], [-52.793, 47.516666], [-52.789156, 47.518666], [-52.7881745, 47.5197015], [-52.786334, 47.520031], [-52.783207000000004, 47.519966499999995], [-52.7783355, 47.520519500000006], [-52.777711, 47.5221555], [-52.7805, 47.523852], [-52.774114499999996, 47.5238195], [-52.770801000000006, 47.524606500000004], [-52.767719, 47.526108], [-52.764833, 47.526975], [-52.761264, 47.5282455], [-52.758736, 47.529922], [-52.75365, 47.53202], [-52.750122, 47.533785], [-52.75306500000001, 47.534048]]}}, {"type": "Feature", "properties": {"line": "F114", "type": "feeder", "headway_min": 20.0, "run_min": 12.7, "buses": 1, "flags": ["few stops: candidate for on-demand or merging into a trunk"]}, "geometry": {"type": "LineString", "coordinates": [[-52.75306500000001, 47.534048], [-52.750122, 47.533785], [-52.75365, 47.53202], [-52.758736, 47.529922], [-52.761264, 47.5282455], [-52.764833, 47.526975], [-52.761264, 47.5282455], [-52.7657, 47.5266], [-52.761264, 47.5282455], [-52.758736, 47.529922], [-52.75365, 47.53202], [-52.750122, 47.533785], [-52.75306500000001, 47.534048]]}}, {"type": "Feature", "properties": {"line": "F115", "type": "feeder", "headway_min": 20.0, "run_min": 49.8, "buses": 3, "flags": ["long: these stops are far from any hub; consider on-demand service", "few stops: candidate for on-demand or merging into a trunk"]}, "geometry": {"type": "LineString", "coordinates": [[-52.75306500000001, 47.534048], [-52.750122, 47.533785], [-52.75365, 47.53202], [-52.758736, 47.529922], [-52.761264, 47.5282455], [-52.764833, 47.526975], [-52.767719, 47.526108], [-52.770801000000006, 47.524606500000004], [-52.774114499999996, 47.5238195], [-52.7805, 47.523852], [-52.777711, 47.5221555], [-52.7783355, 47.520519500000006], [-52.783207000000004, 47.519966499999995], [-52.786334, 47.520031], [-52.7881745, 47.5197015], [-52.790883, 47.5195], [-52.792485, 47.519368], [-52.796497, 47.519478], [-52.799666, 47.519608], [-52.803, 47.519833], [-52.805833, 47.520333], [-52.810339, 47.520269], [-52.813167, 47.519981], [-52.815422, 47.519567], [-52.8185195, 47.5187525], [-52.8155, 47.517166], [-52.814993, 47.516168], [-52.81444, 47.513898], [-52.812035, 47.513746], [-52.807511, 47.514221], [-52.805211, 47.514443], [-52.80274, 47.51382], [-52.80036, 47.511876], [-52.798, 47.51], [-52.795794, 47.508314], [-52.798, 47.51], [-52.80036, 47.511876], [-52.80274, 47.51382], [-52.805211, 47.514443], [-52.807511, 47.514221], [-52.812035, 47.513746], [-52.81444, 47.513898], [-52.814993, 47.516168], [-52.8155, 47.517166], [-52.8185195, 47.5187525], [-52.815422, 47.519567], [-52.813167, 47.519981], [-52.810339, 47.520269], [-52.805833, 47.520333], [-52.803, 47.519833], [-52.799666, 47.519608], [-52.796497, 47.519478], [-52.792485, 47.519368], [-52.790883, 47.5195], [-52.7881745, 47.5197015], [-52.786334, 47.520031], [-52.783207000000004, 47.519966499999995], [-52.7783355, 47.520519500000006], [-52.777711, 47.5221555], [-52.7805, 47.523852], [-52.774114499999996, 47.5238195], [-52.770801000000006, 47.524606500000004], [-52.767719, 47.526108], [-52.764833, 47.526975], [-52.761264, 47.5282455], [-52.758736, 47.529922], [-52.75365, 47.53202], [-52.750122, 47.533785], [-52.75306500000001, 47.534048]]}}, {"type": "Feature", "properties": {"line": "F116", "type": "feeder", "headway_min": 20.0, "run_min": 15.2, "buses": 1, "flags": ["few stops: candidate for on-demand or merging into a trunk"]}, "geometry": {"type": "LineString", "coordinates": [[-52.75306500000001, 47.534048], [-52.750122, 47.533785], [-52.75365, 47.53202], [-52.758736, 47.529922], [-52.761264, 47.5282455], [-52.76145, 47.525819], [-52.764243, 47.525278], [-52.76613, 47.524181], [-52.766753, 47.525318], [-52.76613, 47.524181], [-52.764243, 47.525278], [-52.76145, 47.525819], [-52.761264, 47.5282455], [-52.758736, 47.529922], [-52.75365, 47.53202], [-52.750122, 47.533785], [-52.75306500000001, 47.534048]]}}, {"type": "Feature", "properties": {"line": "F117", "type": "feeder", "headway_min": 20.0, "run_min": 53.2, "buses": 3, "flags": ["long: these stops are far from any hub; consider on-demand service", "few stops: candidate for on-demand or merging into a trunk"]}, "geometry": {"type": "LineString", "coordinates": [[-52.75306500000001, 47.534048], [-52.750122, 47.533785], [-52.75365, 47.53202], [-52.758736, 47.529922], [-52.761264, 47.5282455], [-52.764833, 47.526975], [-52.767719, 47.526108], [-52.770801000000006, 47.524606500000004], [-52.774114499999996, 47.5238195], [-52.7805, 47.523852], [-52.777711, 47.5221555], [-52.7783355, 47.520519500000006], [-52.783207000000004, 47.519966499999995], [-52.786334, 47.520031], [-52.7881745, 47.5197015], [-52.789156, 47.518666], [-52.793, 47.516666], [-52.79683, 47.51641], [-52.804235, 47.513538], [-52.808216, 47.511009], [-52.814385, 47.507301], [-52.814053, 47.505711], [-52.811764, 47.505395], [-52.809881, 47.506431], [-52.807775, 47.505153], [-52.807711, 47.507098], [-52.803758, 47.506511], [-52.806578, 47.5027], [-52.802939, 47.501464], [-52.806578, 47.5027], [-52.803758, 47.506511], [-52.807711, 47.507098], [-52.807775, 47.505153], [-52.809881, 47.506431], [-52.811764, 47.505395], [-52.814053, 47.505711], [-52.814385, 47.507301], [-52.808216, 47.511009], [-52.804235, 47.513538], [-52.79683, 47.51641], [-52.793, 47.516666], [-52.789156, 47.518666], [-52.7881745, 47.5197015], [-52.786334, 47.520031], [-52.783207000000004, 47.519966499999995], [-52.7783355, 47.520519500000006], [-52.777711, 47.5221555], [-52.7805, 47.523852], [-52.774114499999996, 47.5238195], [-52.770801000000006, 47.524606500000004], [-52.767719, 47.526108], [-52.764833, 47.526975], [-52.761264, 47.5282455], [-52.758736, 47.529922], [-52.75365, 47.53202], [-52.750122, 47.533785], [-52.75306500000001, 47.534048]]}}, {"type": "Feature", "properties": {"line": "F118", "type": "feeder", "headway_min": 20.0, "run_min": 54.9, "buses": 4, "flags": ["long: these stops are far from any hub; consider on-demand service", "few stops: candidate for on-demand or merging into a trunk"]}, "geometry": {"type": "LineString", "coordinates": [[-52.75306500000001, 47.534048], [-52.750122, 47.533785], [-52.75365, 47.53202], [-52.758736, 47.529922], [-52.761264, 47.5282455], [-52.764833, 47.526975], [-52.767719, 47.526108], [-52.770801000000006, 47.524606500000004], [-52.774114499999996, 47.5238195], [-52.7805, 47.523852], [-52.777711, 47.5221555], [-52.7783355, 47.520519500000006], [-52.783207000000004, 47.519966499999995], [-52.786334, 47.520031], [-52.7881745, 47.5197015], [-52.790883, 47.5195], [-52.792485, 47.519368], [-52.796497, 47.519478], [-52.799666, 47.519608], [-52.803, 47.519833], [-52.805833, 47.520333], [-52.810339, 47.520269], [-52.813167, 47.519981], [-52.815422, 47.519567], [-52.8185195, 47.5187525], [-52.8155, 47.517166], [-52.814993, 47.516168], [-52.81444, 47.513898], [-52.812035, 47.513746], [-52.807511, 47.514221], [-52.805211, 47.514443], [-52.80274, 47.51382], [-52.80036, 47.511876], [-52.798, 47.51], [-52.795794, 47.508314], [-52.793119, 47.505125], [-52.797531, 47.502878], [-52.793119, 47.505125], [-52.795794, 47.508314], [-52.798, 47.51], [-52.80036, 47.511876], [-52.80274, 47.51382], [-52.805211, 47.514443], [-52.807511, 47.514221], [-52.812035, 47.513746], [-52.81444, 47.513898], [-52.814993, 47.516168], [-52.8155, 47.517166], [-52.8185195, 47.5187525], [-52.815422, 47.519567], [-52.813167, 47.519981], [-52.810339, 47.520269], [-52.805833, 47.520333], [-52.803, 47.519833], [-52.799666, 47.519608], [-52.796497, 47.519478], [-52.792485, 47.519368], [-52.790883, 47.5195], [-52.7881745, 47.5197015], [-52.786334, 47.520031], [-52.783207000000004, 47.519966499999995], [-52.7783355, 47.520519500000006], [-52.777711, 47.5221555], [-52.7805, 47.523852], [-52.774114499999996, 47.5238195], [-52.770801000000006, 47.524606500000004], [-52.767719, 47.526108], [-52.764833, 47.526975], [-52.761264, 47.5282455], [-52.758736, 47.529922], [-52.75365, 47.53202], [-52.750122, 47.533785], [-52.75306500000001, 47.534048]]}}, {"type": "Feature", "properties": {"line": "F119", "type": "feeder", "headway_min": 20.0, "run_min": 8.0, "buses": 1, "flags": ["few stops: candidate for on-demand or merging into a trunk"]}, "geometry": {"type": "LineString", "coordinates": [[-52.75306500000001, 47.534048], [-52.750122, 47.533785], [-52.75365, 47.53202], [-52.758736, 47.529922], [-52.761264, 47.5282455], [-52.758736, 47.529922], [-52.75365, 47.53202], [-52.750122, 47.533785], [-52.75306500000001, 47.534048]]}}, {"type": "Feature", "properties": {"line": "F120", "type": "feeder", "headway_min": 20.0, "run_min": 53.0, "buses": 3, "flags": ["long: these stops are far from any hub; consider on-demand service", "few stops: candidate for on-demand or merging into a trunk"]}, "geometry": {"type": "LineString", "coordinates": [[-52.75306500000001, 47.534048], [-52.750122, 47.533785], [-52.75365, 47.53202], [-52.758736, 47.529922], [-52.761264, 47.5282455], [-52.764833, 47.526975], [-52.767719, 47.526108], [-52.770801000000006, 47.524606500000004], [-52.774114499999996, 47.5238195], [-52.7805, 47.523852], [-52.777711, 47.5221555], [-52.7783355, 47.520519500000006], [-52.783207000000004, 47.519966499999995], [-52.786334, 47.520031], [-52.7881745, 47.5197015], [-52.790883, 47.5195], [-52.792485, 47.519368], [-52.796497, 47.519478], [-52.799666, 47.519608], [-52.803, 47.519833], [-52.805833, 47.520333], [-52.810339, 47.520269], [-52.813167, 47.519981], [-52.815422, 47.519567], [-52.8185195, 47.5187525], [-52.8155, 47.517166], [-52.814993, 47.516168], [-52.81444, 47.513898], [-52.812035, 47.513746], [-52.807511, 47.514221], [-52.805211, 47.514443], [-52.80274, 47.51382], [-52.80036, 47.511876], [-52.798, 47.51], [-52.795794, 47.508314], [-52.793119, 47.505125], [-52.795794, 47.508314], [-52.798, 47.51], [-52.80036, 47.511876], [-52.80274, 47.51382], [-52.805211, 47.514443], [-52.807511, 47.514221], [-52.812035, 47.513746], [-52.81444, 47.513898], [-52.814993, 47.516168], [-52.8155, 47.517166], [-52.8185195, 47.5187525], [-52.815422, 47.519567], [-52.813167, 47.519981], [-52.810339, 47.520269], [-52.805833, 47.520333], [-52.803, 47.519833], [-52.799666, 47.519608], [-52.796497, 47.519478], [-52.792485, 47.519368], [-52.790883, 47.5195], [-52.7881745, 47.5197015], [-52.786334, 47.520031], [-52.783207000000004, 47.519966499999995], [-52.7783355, 47.520519500000006], [-52.777711, 47.5221555], [-52.7805, 47.523852], [-52.774114499999996, 47.5238195], [-52.770801000000006, 47.524606500000004], [-52.767719, 47.526108], [-52.764833, 47.526975], [-52.761264, 47.5282455], [-52.758736, 47.529922], [-52.75365, 47.53202], [-52.750122, 47.533785], [-52.75306500000001, 47.534048]]}}, {"type": "Feature", "properties": {"line": "F121", "type": "feeder", "headway_min": 20.0, "run_min": 21.4, "buses": 2, "flags": []}, "geometry": {"type": "LineString", "coordinates": [[-52.75306500000001, 47.534048], [-52.750122, 47.533785], [-52.75365, 47.53202], [-52.758736, 47.529922], [-52.761264, 47.5282455], [-52.761478, 47.525269], [-52.756761, 47.525628], [-52.7598, 47.524839], [-52.761634, 47.523888], [-52.765045, 47.521474], [-52.76557, 47.52054], [-52.763832, 47.518419], [-52.760787, 47.51798], [-52.760406, 47.519139], [-52.760358, 47.520464], [-52.762456, 47.522208], [-52.761634, 47.523888], [-52.76145, 47.525819], [-52.764243, 47.525278], [-52.76613, 47.524181], [-52.764243, 47.525278], [-52.76145, 47.525819], [-52.761264, 47.5282455], [-52.758736, 47.529922], [-52.75365, 47.53202], [-52.750122, 47.533785], [-52.75306500000001, 47.534048]]}}, {"type": "Feature", "properties": {"line": "F122", "type": "feeder", "headway_min": 20.0, "run_min": 47.8, "buses": 3, "flags": ["long: these stops are far from any hub; consider on-demand service", "few stops: candidate for on-demand or merging into a trunk"]}, "geometry": {"type": "LineString", "coordinates": [[-52.75306500000001, 47.534048], [-52.750122, 47.533785], [-52.74802, 47.52415], [-52.751097, 47.520689], [-52.752822, 47.518667], [-52.7532805, 47.517658499999996], [-52.755131, 47.514544], [-52.753766999999996, 47.5126555], [-52.752598, 47.513694], [-52.75047, 47.513061], [-52.750522, 47.509776], [-52.749894499999996, 47.5080165], [-52.751102, 47.507101], [-52.753144, 47.507322], [-52.753353000000004, 47.5090235], [-52.753175, 47.510684499999996], [-52.755924, 47.511675], [-52.757025, 47.510691], [-52.75798, 47.5078355], [-52.7599745, 47.504638], [-52.761318, 47.5023155], [-52.762640000000005, 47.5000285], [-52.76706, 47.49469], [-52.767483, 47.49195], [-52.767941500000006, 47.4873385], [-52.7681235, 47.483165], [-52.768436, 47.479271999999995], [-52.76871, 47.477219], [-52.769505, 47.4736885], [-52.76987, 47.4722055], [-52.770752, 47.468785], [-52.77185, 47.462918], [-52.774319, 47.461303], [-52.77888, 47.46155], [-52.78181, 47.461603], [-52.783837, 47.461435], [-52.78181, 47.461603], [-52.77888, 47.46155], [-52.774319, 47.461303], [-52.77185, 47.462918], [-52.770752, 47.468785], [-52.76987, 47.4722055], [-52.769505, 47.4736885], [-52.76871, 47.477219], [-52.768436, 47.479271999999995], [-52.7681235, 47.483165], [-52.767941500000006, 47.4873385], [-52.767483, 47.49195], [-52.76706, 47.49469], [-52.762640000000005, 47.5000285], [-52.761318, 47.5023155], [-52.7599745, 47.504638], [-52.75798, 47.5078355], [-52.757025, 47.510691], [-52.755924, 47.511675], [-52.753175, 47.510684499999996], [-52.753353000000004, 47.5090235], [-52.753144, 47.507322], [-52.751102, 47.507101], [-52.749894499999996, 47.5080165], [-52.750522, 47.509776], [-52.75047, 47.513061], [-52.752598, 47.513694], [-52.753766999999996, 47.5126555], [-52.755131, 47.514544], [-52.7532805, 47.517658499999996], [-52.752822, 47.518667], [-52.751097, 47.520689], [-52.74802, 47.52415], [-52.750122, 47.533785], [-52.75306500000001, 47.534048]]}}, {"type": "Feature", "properties": {"line": "F123", "type": "feeder", "headway_min": 20.0, "run_min": 48.4, "buses": 3, "flags": ["long: these stops are far from any hub; consider on-demand service", "few stops: candidate for on-demand or merging into a trunk"]}, "geometry": {"type": "LineString", "coordinates": [[-52.75306500000001, 47.534048], [-52.750122, 47.533785], [-52.74802, 47.52415], [-52.751097, 47.520689], [-52.752822, 47.518667], [-52.7532805, 47.517658499999996], [-52.755131, 47.514544], [-52.753766999999996, 47.5126555], [-52.752598, 47.513694], [-52.75047, 47.513061], [-52.750522, 47.509776], [-52.749894499999996, 47.5080165], [-52.751102, 47.507101], [-52.753144, 47.507322], [-52.753353000000004, 47.5090235], [-52.753175, 47.510684499999996], [-52.755924, 47.511675], [-52.757025, 47.510691], [-52.75798, 47.5078355], [-52.7599745, 47.504638], [-52.761318, 47.5023155], [-52.762640000000005, 47.5000285], [-52.76706, 47.49469], [-52.767483, 47.49195], [-52.767941500000006, 47.4873385], [-52.7681235, 47.483165], [-52.768436, 47.479271999999995], [-52.76871, 47.477219], [-52.769505, 47.4736885], [-52.76987, 47.4722055], [-52.770752, 47.468785], [-52.77185, 47.462918], [-52.774319, 47.461303], [-52.77888, 47.46155], [-52.78181, 47.461603], [-52.783837, 47.461435], [-52.783676, 47.460146], [-52.783837, 47.461435], [-52.78181, 47.461603], [-52.77888, 47.46155], [-52.774319, 47.461303], [-52.77185, 47.462918], [-52.770752, 47.468785], [-52.76987, 47.4722055], [-52.769505, 47.4736885], [-52.76871, 47.477219], [-52.768436, 47.479271999999995], [-52.7681235, 47.483165], [-52.767941500000006, 47.4873385], [-52.767483, 47.49195], [-52.76706, 47.49469], [-52.762640000000005, 47.5000285], [-52.761318, 47.5023155], [-52.7599745, 47.504638], [-52.75798, 47.5078355], [-52.757025, 47.510691], [-52.755924, 47.511675], [-52.753175, 47.510684499999996], [-52.753353000000004, 47.5090235], [-52.753144, 47.507322], [-52.751102, 47.507101], [-52.749894499999996, 47.5080165], [-52.750522, 47.509776], [-52.75047, 47.513061], [-52.752598, 47.513694], [-52.753766999999996, 47.5126555], [-52.755131, 47.514544], [-52.7532805, 47.517658499999996], [-52.752822, 47.518667], [-52.751097, 47.520689], [-52.74802, 47.52415], [-52.750122, 47.533785], [-52.75306500000001, 47.534048]]}}, {"type": "Feature", "properties": {"line": "F124", "type": "feeder", "headway_min": 20.0, "run_min": 47.1, "buses": 3, "flags": ["long: these stops are far from any hub; consider on-demand service", "few stops: candidate for on-demand or merging into a trunk"]}, "geometry": {"type": "LineString", "coordinates": [[-52.75306500000001, 47.534048], [-52.750122, 47.533785], [-52.74802, 47.52415], [-52.751097, 47.520689], [-52.752822, 47.518667], [-52.7532805, 47.517658499999996], [-52.755131, 47.514544], [-52.753766999999996, 47.5126555], [-52.752598, 47.513694], [-52.75047, 47.513061], [-52.750522, 47.509776], [-52.749894499999996, 47.5080165], [-52.751102, 47.507101], [-52.753144, 47.507322], [-52.753353000000004, 47.5090235], [-52.753175, 47.510684499999996], [-52.755924, 47.511675], [-52.757025, 47.510691], [-52.75798, 47.5078355], [-52.7599745, 47.504638], [-52.761318, 47.5023155], [-52.762640000000005, 47.5000285], [-52.76706, 47.49469], [-52.767483, 47.49195], [-52.767941500000006, 47.4873385], [-52.7681235, 47.483165], [-52.768436, 47.479271999999995], [-52.76871, 47.477219], [-52.769505, 47.4736885], [-52.76987, 47.4722055], [-52.770752, 47.468785], [-52.77185, 47.462918], [-52.774319, 47.461303], [-52.77888, 47.46155], [-52.78181, 47.461603], [-52.77888, 47.46155], [-52.774319, 47.461303], [-52.77185, 47.462918], [-52.770752, 47.468785], [-52.76987, 47.4722055], [-52.769505, 47.4736885], [-52.76871, 47.477219], [-52.768436, 47.479271999999995], [-52.7681235, 47.483165], [-52.767941500000006, 47.4873385], [-52.767483, 47.49195], [-52.76706, 47.49469], [-52.762640000000005, 47.5000285], [-52.761318, 47.5023155], [-52.7599745, 47.504638], [-52.75798, 47.5078355], [-52.757025, 47.510691], [-52.755924, 47.511675], [-52.753175, 47.510684499999996], [-52.753353000000004, 47.5090235], [-52.753144, 47.507322], [-52.751102, 47.507101], [-52.749894499999996, 47.5080165], [-52.750522, 47.509776], [-52.75047, 47.513061], [-52.752598, 47.513694], [-52.753766999999996, 47.5126555], [-52.755131, 47.514544], [-52.7532805, 47.517658499999996], [-52.752822, 47.518667], [-52.751097, 47.520689], [-52.74802, 47.52415], [-52.750122, 47.533785], [-52.75306500000001, 47.534048]]}}, {"type": "Feature", "properties": {"line": "F125", "type": "feeder", "headway_min": 20.0, "run_min": 50.4, "buses": 3, "flags": ["long: these stops are far from any hub; consider on-demand service", "few stops: candidate for on-demand or merging into a trunk"]}, "geometry": {"type": "LineString", "coordinates": [[-52.75306500000001, 47.534048], [-52.750122, 47.533785], [-52.74802, 47.52415], [-52.751097, 47.520689], [-52.752822, 47.518667], [-52.7532805, 47.517658499999996], [-52.755131, 47.514544], [-52.753766999999996, 47.5126555], [-52.752598, 47.513694], [-52.75047, 47.513061], [-52.750522, 47.509776], [-52.749894499999996, 47.5080165], [-52.751102, 47.507101], [-52.753144, 47.507322], [-52.753353000000004, 47.5090235], [-52.753175, 47.510684499999996], [-52.755924, 47.511675], [-52.757025, 47.510691], [-52.75798, 47.5078355], [-52.7599745, 47.504638], [-52.761318, 47.5023155], [-52.762640000000005, 47.5000285], [-52.76706, 47.49469], [-52.767483, 47.49195], [-52.767941500000006, 47.4873385], [-52.7681235, 47.483165], [-52.768436, 47.479271999999995], [-52.76871, 47.477219], [-52.769505, 47.4736885], [-52.76987, 47.4722055], [-52.770752, 47.468785], [-52.77185, 47.462918], [-52.774319, 47.461303], [-52.77888, 47.46155], [-52.78181, 47.461603], [-52.783837, 47.461435], [-52.783676, 47.460146], [-52.783592, 47.456181], [-52.783676, 47.460146], [-52.783837, 47.461435], [-52.78181, 47.461603], [-52.77888, 47.46155], [-52.774319, 47.461303], [-52.77185, 47.462918], [-52.770752, 47.468785], [-52.76987, 47.4722055], [-52.769505, 47.4736885], [-52.76871, 47.477219], [-52.768436, 47.479271999999995], [-52.7681235, 47.483165], [-52.767941500000006, 47.4873385], [-52.767483, 47.49195], [-52.76706, 47.49469], [-52.762640000000005, 47.5000285], [-52.761318, 47.5023155], [-52.7599745, 47.504638], [-52.75798, 47.5078355], [-52.757025, 47.510691], [-52.755924, 47.511675], [-52.753175, 47.510684499999996], [-52.753353000000004, 47.5090235], [-52.753144, 47.507322], [-52.751102, 47.507101], [-52.749894499999996, 47.5080165], [-52.750522, 47.509776], [-52.75047, 47.513061], [-52.752598, 47.513694], [-52.753766999999996, 47.5126555], [-52.755131, 47.514544], [-52.7532805, 47.517658499999996], [-52.752822, 47.518667], [-52.751097, 47.520689], [-52.74802, 47.52415], [-52.750122, 47.533785], [-52.75306500000001, 47.534048]]}}, {"type": "Feature", "properties": {"line": "F126", "type": "feeder", "headway_min": 20.0, "run_min": 51.3, "buses": 3, "flags": ["long: these stops are far from any hub; consider on-demand service", "few stops: candidate for on-demand or merging into a trunk"]}, "geometry": {"type": "LineString", "coordinates": [[-52.75306500000001, 47.534048], [-52.750122, 47.533785], [-52.74802, 47.52415], [-52.751097, 47.520689], [-52.752822, 47.518667], [-52.7532805, 47.517658499999996], [-52.755131, 47.514544], [-52.753766999999996, 47.5126555], [-52.752598, 47.513694], [-52.75047, 47.513061], [-52.750522, 47.509776], [-52.749894499999996, 47.5080165], [-52.751102, 47.507101], [-52.753144, 47.507322], [-52.753353000000004, 47.5090235], [-52.753175, 47.510684499999996], [-52.755924, 47.511675], [-52.757025, 47.510691], [-52.75798, 47.5078355], [-52.7599745, 47.504638], [-52.761318, 47.5023155], [-52.762640000000005, 47.5000285], [-52.76706, 47.49469], [-52.767483, 47.49195], [-52.767941500000006, 47.4873385], [-52.7681235, 47.483165], [-52.768436, 47.479271999999995], [-52.76871, 47.477219], [-52.769505, 47.4736885], [-52.76987, 47.4722055], [-52.770752, 47.468785], [-52.77185, 47.462918], [-52.774319, 47.461303], [-52.77888, 47.46155], [-52.78181, 47.461603], [-52.783837, 47.461435], [-52.783676, 47.460146], [-52.783592, 47.456181], [-52.782983, 47.454575], [-52.783592, 47.456181], [-52.783676, 47.460146], [-52.783837, 47.461435], [-52.78181, 47.461603], [-52.77888, 47.46155], [-52.774319, 47.461303], [-52.77185, 47.462918], [-52.770752, 47.468785], [-52.76987, 47.4722055], [-52.769505, 47.4736885], [-52.76871, 47.477219], [-52.768436, 47.479271999999995], [-52.7681235, 47.483165], [-52.767941500000006, 47.4873385], [-52.767483, 47.49195], [-52.76706, 47.49469], [-52.762640000000005, 47.5000285], [-52.761318, 47.5023155], [-52.7599745, 47.504638], [-52.75798, 47.5078355], [-52.757025, 47.510691], [-52.755924, 47.511675], [-52.753175, 47.510684499999996], [-52.753353000000004, 47.5090235], [-52.753144, 47.507322], [-52.751102, 47.507101], [-52.749894499999996, 47.5080165], [-52.750522, 47.509776], [-52.75047, 47.513061], [-52.752598, 47.513694], [-52.753766999999996, 47.5126555], [-52.755131, 47.514544], [-52.7532805, 47.517658499999996], [-52.752822, 47.518667], [-52.751097, 47.520689], [-52.74802, 47.52415], [-52.750122, 47.533785], [-52.75306500000001, 47.534048]]}}, {"type": "Feature", "properties": {"line": "F127", "type": "feeder", "headway_min": 20.0, "run_min": 46.1, "buses": 3, "flags": ["long: these stops are far from any hub; consider on-demand service", "few stops: candidate for on-demand or merging into a trunk"]}, "geometry": {"type": "LineString", "coordinates": [[-52.75306500000001, 47.534048], [-52.750122, 47.533785], [-52.74802, 47.52415], [-52.751097, 47.520689], [-52.752822, 47.518667], [-52.7532805, 47.517658499999996], [-52.755131, 47.514544], [-52.753766999999996, 47.5126555], [-52.752598, 47.513694], [-52.75047, 47.513061], [-52.750522, 47.509776], [-52.749894499999996, 47.5080165], [-52.751102, 47.507101], [-52.753144, 47.507322], [-52.753353000000004, 47.5090235], [-52.753175, 47.510684499999996], [-52.755924, 47.511675], [-52.757025, 47.510691], [-52.75798, 47.5078355], [-52.7599745, 47.504638], [-52.761318, 47.5023155], [-52.762640000000005, 47.5000285], [-52.76706, 47.49469], [-52.767483, 47.49195], [-52.767941500000006, 47.4873385], [-52.7681235, 47.483165], [-52.768436, 47.479271999999995], [-52.76871, 47.477219], [-52.769505, 47.4736885], [-52.76987, 47.4722055], [-52.770752, 47.468785], [-52.77185, 47.462918], [-52.774319, 47.461303], [-52.77888, 47.46155], [-52.774319, 47.461303], [-52.77185, 47.462918], [-52.770752, 47.468785], [-52.76987, 47.4722055], [-52.769505, 47.4736885], [-52.76871, 47.477219], [-52.768436, 47.479271999999995], [-52.7681235, 47.483165], [-52.767941500000006, 47.4873385], [-52.767483, 47.49195], [-52.76706, 47.49469], [-52.762640000000005, 47.5000285], [-52.761318, 47.5023155], [-52.7599745, 47.504638], [-52.75798, 47.5078355], [-52.757025, 47.510691], [-52.755924, 47.511675], [-52.753175, 47.510684499999996], [-52.753353000000004, 47.5090235], [-52.753144, 47.507322], [-52.751102, 47.507101], [-52.749894499999996, 47.5080165], [-52.750522, 47.509776], [-52.75047, 47.513061], [-52.752598, 47.513694], [-52.753766999999996, 47.5126555], [-52.755131, 47.514544], [-52.7532805, 47.517658499999996], [-52.752822, 47.518667], [-52.751097, 47.520689], [-52.74802, 47.52415], [-52.750122, 47.533785], [-52.75306500000001, 47.534048]]}}, {"type": "Feature", "properties": {"line": "F128", "type": "feeder", "headway_min": 20.0, "run_min": 33.3, "buses": 2, "flags": []}, "geometry": {"type": "LineString", "coordinates": [[-52.75306500000001, 47.534048], [-52.750122, 47.533785], [-52.74802, 47.52415], [-52.751097, 47.520689], [-52.752822, 47.518667], [-52.7532805, 47.517658499999996], [-52.755131, 47.514544], [-52.753766999999996, 47.5126555], [-52.752598, 47.513694], [-52.75047, 47.513061], [-52.750522, 47.509776], [-52.749894499999996, 47.5080165], [-52.751102, 47.507101], [-52.753144, 47.507322], [-52.753353000000004, 47.5090235], [-52.753175, 47.510684499999996], [-52.755924, 47.511675], [-52.757025, 47.510691], [-52.75798, 47.5078355], [-52.7599745, 47.504638], [-52.761318, 47.5023155], [-52.762640000000005, 47.5000285], [-52.76577, 47.495989], [-52.76743, 47.490994], [-52.767941500000006, 47.4873385], [-52.767483, 47.49195], [-52.76706, 47.49469], [-52.762640000000005, 47.5000285], [-52.761318, 47.5023155], [-52.7599745, 47.504638], [-52.75798, 47.5078355], [-52.757025, 47.510691], [-52.755924, 47.511675], [-52.753175, 47.510684499999996], [-52.753353000000004, 47.5090235], [-52.753144, 47.507322], [-52.751102, 47.507101], [-52.749894499999996, 47.5080165], [-52.750522, 47.509776], [-52.75047, 47.513061], [-52.752598, 47.513694], [-52.753766999999996, 47.5126555], [-52.755131, 47.514544], [-52.7532805, 47.517658499999996], [-52.752822, 47.518667], [-52.751097, 47.520689], [-52.74802, 47.52415], [-52.750122, 47.533785], [-52.75306500000001, 47.534048]]}}, {"type": "Feature", "properties": {"line": "F129", "type": "feeder", "headway_min": 20.0, "run_min": 53.2, "buses": 3, "flags": ["long: these stops are far from any hub; consider on-demand service", "few stops: candidate for on-demand or merging into a trunk"]}, "geometry": {"type": "LineString", "coordinates": [[-52.75306500000001, 47.534048], [-52.750122, 47.533785], [-52.74802, 47.52415], [-52.751097, 47.520689], [-52.752822, 47.518667], [-52.7532805, 47.517658499999996], [-52.755131, 47.514544], [-52.753766999999996, 47.5126555], [-52.752598, 47.513694], [-52.75047, 47.513061], [-52.750522, 47.509776], [-52.749894499999996, 47.5080165], [-52.751102, 47.507101], [-52.753144, 47.507322], [-52.753353000000004, 47.5090235], [-52.753175, 47.510684499999996], [-52.755924, 47.511675], [-52.757025, 47.510691], [-52.75798, 47.5078355], [-52.7599745, 47.504638], [-52.761318, 47.5023155], [-52.762640000000005, 47.5000285], [-52.76706, 47.49469], [-52.767483, 47.49195], [-52.767941500000006, 47.4873385], [-52.7681235, 47.483165], [-52.768436, 47.479271999999995], [-52.76871, 47.477219], [-52.769505, 47.4736885], [-52.76987, 47.4722055], [-52.770752, 47.468785], [-52.77185, 47.462918], [-52.774319, 47.461303], [-52.77888, 47.46155], [-52.78181, 47.461603], [-52.783837, 47.461435], [-52.783676, 47.460146], [-52.783592, 47.456181], [-52.782983, 47.454575], [-52.77822, 47.453208], [-52.782983, 47.454575], [-52.783592, 47.456181], [-52.783676, 47.460146], [-52.783837, 47.461435], [-52.78181, 47.461603], [-52.77888, 47.46155], [-52.774319, 47.461303], [-52.77185, 47.462918], [-52.770752, 47.468785], [-52.76987, 47.4722055], [-52.769505, 47.4736885], [-52.76871, 47.477219], [-52.768436, 47.479271999999995], [-52.7681235, 47.483165], [-52.767941500000006, 47.4873385], [-52.767483, 47.49195], [-52.76706, 47.49469], [-52.762640000000005, 47.5000285], [-52.761318, 47.5023155], [-52.7599745, 47.504638], [-52.75798, 47.5078355], [-52.757025, 47.510691], [-52.755924, 47.511675], [-52.753175, 47.510684499999996], [-52.753353000000004, 47.5090235], [-52.753144, 47.507322], [-52.751102, 47.507101], [-52.749894499999996, 47.5080165], [-52.750522, 47.509776], [-52.75047, 47.513061], [-52.752598, 47.513694], [-52.753766999999996, 47.5126555], [-52.755131, 47.514544], [-52.7532805, 47.517658499999996], [-52.752822, 47.518667], [-52.751097, 47.520689], [-52.74802, 47.52415], [-52.750122, 47.533785], [-52.75306500000001, 47.534048]]}}, {"type": "Feature", "properties": {"line": "F130", "type": "feeder", "headway_min": 20.0, "run_min": 34.7, "buses": 2, "flags": ["long: these stops are far from any hub; consider on-demand service", "few stops: candidate for on-demand or merging into a trunk"]}, "geometry": {"type": "LineString", "coordinates": [[-52.75306500000001, 47.534048], [-52.750122, 47.533785], [-52.74802, 47.52415], [-52.751097, 47.520689], [-52.752822, 47.518667], [-52.7532805, 47.517658499999996], [-52.755131, 47.514544], [-52.753766999999996, 47.5126555], [-52.752598, 47.513694], [-52.75047, 47.513061], [-52.750522, 47.509776], [-52.749894499999996, 47.5080165], [-52.751102, 47.507101], [-52.753144, 47.507322], [-52.753353000000004, 47.5090235], [-52.753175, 47.510684499999996], [-52.755924, 47.511675], [-52.757025, 47.510691], [-52.75798, 47.5078355], [-52.7599745, 47.504638], [-52.761318, 47.5023155], [-52.762640000000005, 47.5000285], [-52.76706, 47.49469], [-52.767483, 47.49195], [-52.767941500000006, 47.4873385], [-52.7681235, 47.483165], [-52.767941500000006, 47.4873385], [-52.767483, 47.49195], [-52.76706, 47.49469], [-52.762640000000005, 47.5000285], [-52.761318, 47.5023155], [-52.7599745, 47.504638], [-52.75798, 47.5078355], [-52.757025, 47.510691], [-52.755924, 47.511675], [-52.753175, 47.510684499999996], [-52.753353000000004, 47.5090235], [-52.753144, 47.507322], [-52.751102, 47.507101], [-52.749894499999996, 47.5080165], [-52.750522, 47.509776], [-52.75047, 47.513061], [-52.752598, 47.513694], [-52.753766999999996, 47.5126555], [-52.755131, 47.514544], [-52.7532805, 47.517658499999996], [-52.752822, 47.518667], [-52.751097, 47.520689], [-52.74802, 47.52415], [-52.750122, 47.533785], [-52.75306500000001, 47.534048]]}}, {"type": "Feature", "properties": {"line": "F131", "type": "feeder", "headway_min": 20.0, "run_min": 44.5, "buses": 3, "flags": ["long: these stops are far from any hub; consider on-demand service", "few stops: candidate for on-demand or merging into a trunk"]}, "geometry": {"type": "LineString", "coordinates": [[-52.75306500000001, 47.534048], [-52.750122, 47.533785], [-52.74802, 47.52415], [-52.751097, 47.520689], [-52.752822, 47.518667], [-52.7532805, 47.517658499999996], [-52.755131, 47.514544], [-52.753766999999996, 47.5126555], [-52.752598, 47.513694], [-52.75047, 47.513061], [-52.750522, 47.509776], [-52.749894499999996, 47.5080165], [-52.751102, 47.507101], [-52.753144, 47.507322], [-52.753353000000004, 47.5090235], [-52.753175, 47.510684499999996], [-52.755924, 47.511675], [-52.757025, 47.510691], [-52.75798, 47.5078355], [-52.7599745, 47.504638], [-52.761318, 47.5023155], [-52.762640000000005, 47.5000285], [-52.76706, 47.49469], [-52.767483, 47.49195], [-52.767941500000006, 47.4873385], [-52.7681235, 47.483165], [-52.768436, 47.479271999999995], [-52.76871, 47.477219], [-52.769505, 47.4736885], [-52.76987, 47.4722055], [-52.770752, 47.468785], [-52.77185, 47.462918], [-52.774319, 47.461303], [-52.77185, 47.462918], [-52.770752, 47.468785], [-52.76987, 47.4722055], [-52.769505, 47.4736885], [-52.76871, 47.477219], [-52.768436, 47.479271999999995], [-52.7681235, 47.483165], [-52.767941500000006, 47.4873385], [-52.767483, 47.49195], [-52.76706, 47.49469], [-52.762640000000005, 47.5000285], [-52.761318, 47.5023155], [-52.7599745, 47.504638], [-52.75798, 47.5078355], [-52.757025, 47.510691], [-52.755924, 47.511675], [-52.753175, 47.510684499999996], [-52.753353000000004, 47.5090235], [-52.753144, 47.507322], [-52.751102, 47.507101], [-52.749894499999996, 47.5080165], [-52.750522, 47.509776], [-52.75047, 47.513061], [-52.752598, 47.513694], [-52.753766999999996, 47.5126555], [-52.755131, 47.514544], [-52.7532805, 47.517658499999996], [-52.752822, 47.518667], [-52.751097, 47.520689], [-52.74802, 47.52415], [-52.750122, 47.533785], [-52.75306500000001, 47.534048]]}}, {"type": "Feature", "properties": {"line": "F132", "type": "feeder", "headway_min": 20.0, "run_min": 27.8, "buses": 2, "flags": ["few stops: candidate for on-demand or merging into a trunk"]}, "geometry": {"type": "LineString", "coordinates": [[-52.75306500000001, 47.534048], [-52.750122, 47.533785], [-52.74802, 47.52415], [-52.751097, 47.520689], [-52.752822, 47.518667], [-52.7532805, 47.517658499999996], [-52.755131, 47.514544], [-52.753766999999996, 47.5126555], [-52.752598, 47.513694], [-52.75047, 47.513061], [-52.750522, 47.509776], [-52.749894499999996, 47.5080165], [-52.751102, 47.507101], [-52.753144, 47.507322], [-52.753353000000004, 47.5090235], [-52.753175, 47.510684499999996], [-52.755924, 47.511675], [-52.757025, 47.510691], [-52.75798, 47.5078355], [-52.7599745, 47.504638], [-52.761318, 47.5023155], [-52.762640000000005, 47.5000285], [-52.761318, 47.5023155], [-52.7599745, 47.504638], [-52.75798, 47.5078355], [-52.757025, 47.510691], [-52.755924, 47.511675], [-52.753175, 47.510684499999996], [-52.753353000000004, 47.5090235], [-52.753144, 47.507322], [-52.751102, 47.507101], [-52.749894499999996, 47.5080165], [-52.750522, 47.509776], [-52.75047, 47.513061], [-52.752598, 47.513694], [-52.753766999999996, 47.5126555], [-52.755131, 47.514544], [-52.7532805, 47.517658499999996], [-52.752822, 47.518667], [-52.751097, 47.520689], [-52.74802, 47.52415], [-52.750122, 47.533785], [-52.75306500000001, 47.534048]]}}, {"type": "Feature", "properties": {"line": "F133", "type": "feeder", "headway_min": 20.0, "run_min": 36.2, "buses": 2, "flags": ["long: these stops are far from any hub; consider on-demand service", "few stops: candidate for on-demand or merging into a trunk"]}, "geometry": {"type": "LineString", "coordinates": [[-52.75306500000001, 47.534048], [-52.750122, 47.533785], [-52.74802, 47.52415], [-52.751097, 47.520689], [-52.752822, 47.518667], [-52.7532805, 47.517658499999996], [-52.755131, 47.514544], [-52.753766999999996, 47.5126555], [-52.752598, 47.513694], [-52.75047, 47.513061], [-52.750522, 47.509776], [-52.749894499999996, 47.5080165], [-52.751102, 47.507101], [-52.753144, 47.507322], [-52.753353000000004, 47.5090235], [-52.753175, 47.510684499999996], [-52.755924, 47.511675], [-52.757025, 47.510691], [-52.75798, 47.5078355], [-52.7599745, 47.504638], [-52.761318, 47.5023155], [-52.762640000000005, 47.5000285], [-52.76706, 47.49469], [-52.767483, 47.49195], [-52.767941500000006, 47.4873385], [-52.7681235, 47.483165], [-52.768436, 47.479271999999995], [-52.7681235, 47.483165], [-52.767941500000006, 47.4873385], [-52.767483, 47.49195], [-52.76706, 47.49469], [-52.762640000000005, 47.5000285], [-52.761318, 47.5023155], [-52.7599745, 47.504638], [-52.75798, 47.5078355], [-52.757025, 47.510691], [-52.755924, 47.511675], [-52.753175, 47.510684499999996], [-52.753353000000004, 47.5090235], [-52.753144, 47.507322], [-52.751102, 47.507101], [-52.749894499999996, 47.5080165], [-52.750522, 47.509776], [-52.75047, 47.513061], [-52.752598, 47.513694], [-52.753766999999996, 47.5126555], [-52.755131, 47.514544], [-52.7532805, 47.517658499999996], [-52.752822, 47.518667], [-52.751097, 47.520689], [-52.74802, 47.52415], [-52.750122, 47.533785], [-52.75306500000001, 47.534048]]}}, {"type": "Feature", "properties": {"line": "F134", "type": "feeder", "headway_min": 20.0, "run_min": 37.0, "buses": 3, "flags": ["long: these stops are far from any hub; consider on-demand service", "few stops: candidate for on-demand or merging into a trunk"]}, "geometry": {"type": "LineString", "coordinates": [[-52.75306500000001, 47.534048], [-52.750122, 47.533785], [-52.74802, 47.52415], [-52.751097, 47.520689], [-52.752822, 47.518667], [-52.7532805, 47.517658499999996], [-52.755131, 47.514544], [-52.753766999999996, 47.5126555], [-52.752598, 47.513694], [-52.75047, 47.513061], [-52.750522, 47.509776], [-52.749894499999996, 47.5080165], [-52.751102, 47.507101], [-52.753144, 47.507322], [-52.753353000000004, 47.5090235], [-52.753175, 47.510684499999996], [-52.755924, 47.511675], [-52.757025, 47.510691], [-52.75798, 47.5078355], [-52.7599745, 47.504638], [-52.761318, 47.5023155], [-52.762640000000005, 47.5000285], [-52.76706, 47.49469], [-52.767483, 47.49195], [-52.767941500000006, 47.4873385], [-52.7681235, 47.483165], [-52.768436, 47.479271999999995], [-52.76871, 47.477219], [-52.768436, 47.479271999999995], [-52.7681235, 47.483165], [-52.767941500000006, 47.4873385], [-52.767483, 47.49195], [-52.76706, 47.49469], [-52.762640000000005, 47.5000285], [-52.761318, 47.5023155], [-52.7599745, 47.504638], [-52.75798, 47.5078355], [-52.757025, 47.510691], [-52.755924, 47.511675], [-52.753175, 47.510684499999996], [-52.753353000000004, 47.5090235], [-52.753144, 47.507322], [-52.751102, 47.507101], [-52.749894499999996, 47.5080165], [-52.750522, 47.509776], [-52.75047, 47.513061], [-52.752598, 47.513694], [-52.753766999999996, 47.5126555], [-52.755131, 47.514544], [-52.7532805, 47.517658499999996], [-52.752822, 47.518667], [-52.751097, 47.520689], [-52.74802, 47.52415], [-52.750122, 47.533785], [-52.75306500000001, 47.534048]]}}, {"type": "Feature", "properties": {"line": "F135", "type": "feeder", "headway_min": 20.0, "run_min": 38.3, "buses": 3, "flags": ["long: these stops are far from any hub; consider on-demand service", "few stops: candidate for on-demand or merging into a trunk"]}, "geometry": {"type": "LineString", "coordinates": [[-52.75306500000001, 47.534048], [-52.750122, 47.533785], [-52.74802, 47.52415], [-52.751097, 47.520689], [-52.752822, 47.518667], [-52.7532805, 47.517658499999996], [-52.755131, 47.514544], [-52.753766999999996, 47.5126555], [-52.752598, 47.513694], [-52.75047, 47.513061], [-52.750522, 47.509776], [-52.749894499999996, 47.5080165], [-52.751102, 47.507101], [-52.753144, 47.507322], [-52.753353000000004, 47.5090235], [-52.753175, 47.510684499999996], [-52.755924, 47.511675], [-52.757025, 47.510691], [-52.75798, 47.5078355], [-52.7599745, 47.504638], [-52.761318, 47.5023155], [-52.762640000000005, 47.5000285], [-52.76706, 47.49469], [-52.767483, 47.49195], [-52.767941500000006, 47.4873385], [-52.7681235, 47.483165], [-52.768436, 47.479271999999995], [-52.76871, 47.477219], [-52.769505, 47.4736885], [-52.76871, 47.477219], [-52.768436, 47.479271999999995], [-52.7681235, 47.483165], [-52.767941500000006, 47.4873385], [-52.767483, 47.49195], [-52.76706, 47.49469], [-52.762640000000005, 47.5000285], [-52.761318, 47.5023155], [-52.7599745, 47.504638], [-52.75798, 47.5078355], [-52.757025, 47.510691], [-52.755924, 47.511675], [-52.753175, 47.510684499999996], [-52.753353000000004, 47.5090235], [-52.753144, 47.507322], [-52.751102, 47.507101], [-52.749894499999996, 47.5080165], [-52.750522, 47.509776], [-52.75047, 47.513061], [-52.752598, 47.513694], [-52.753766999999996, 47.5126555], [-52.755131, 47.514544], [-52.7532805, 47.517658499999996], [-52.752822, 47.518667], [-52.751097, 47.520689], [-52.74802, 47.52415], [-52.750122, 47.533785], [-52.75306500000001, 47.534048]]}}, {"type": "Feature", "properties": {"line": "F136", "type": "feeder", "headway_min": 20.0, "run_min": 38.9, "buses": 3, "flags": ["long: these stops are far from any hub; consider on-demand service", "few stops: candidate for on-demand or merging into a trunk"]}, "geometry": {"type": "LineString", "coordinates": [[-52.75306500000001, 47.534048], [-52.750122, 47.533785], [-52.74802, 47.52415], [-52.751097, 47.520689], [-52.752822, 47.518667], [-52.7532805, 47.517658499999996], [-52.755131, 47.514544], [-52.753766999999996, 47.5126555], [-52.752598, 47.513694], [-52.75047, 47.513061], [-52.750522, 47.509776], [-52.749894499999996, 47.5080165], [-52.751102, 47.507101], [-52.753144, 47.507322], [-52.753353000000004, 47.5090235], [-52.753175, 47.510684499999996], [-52.755924, 47.511675], [-52.757025, 47.510691], [-52.75798, 47.5078355], [-52.7599745, 47.504638], [-52.761318, 47.5023155], [-52.762640000000005, 47.5000285], [-52.76706, 47.49469], [-52.767483, 47.49195], [-52.767941500000006, 47.4873385], [-52.7681235, 47.483165], [-52.768436, 47.479271999999995], [-52.76871, 47.477219], [-52.769505, 47.4736885], [-52.76987, 47.4722055], [-52.769505, 47.4736885], [-52.76871, 47.477219], [-52.768436, 47.479271999999995], [-52.7681235, 47.483165], [-52.767941500000006, 47.4873385], [-52.767483, 47.49195], [-52.76706, 47.49469], [-52.762640000000005, 47.5000285], [-52.761318, 47.5023155], [-52.7599745, 47.504638], [-52.75798, 47.5078355], [-52.757025, 47.510691], [-52.755924, 47.511675], [-52.753175, 47.510684499999996], [-52.753353000000004, 47.5090235], [-52.753144, 47.507322], [-52.751102, 47.507101], [-52.749894499999996, 47.5080165], [-52.750522, 47.509776], [-52.75047, 47.513061], [-52.752598, 47.513694], [-52.753766999999996, 47.5126555], [-52.755131, 47.514544], [-52.7532805, 47.517658499999996], [-52.752822, 47.518667], [-52.751097, 47.520689], [-52.74802, 47.52415], [-52.750122, 47.533785], [-52.75306500000001, 47.534048]]}}, {"type": "Feature", "properties": {"line": "F137", "type": "feeder", "headway_min": 20.0, "run_min": 40.2, "buses": 3, "flags": ["long: these stops are far from any hub; consider on-demand service", "few stops: candidate for on-demand or merging into a trunk"]}, "geometry": {"type": "LineString", "coordinates": [[-52.75306500000001, 47.534048], [-52.750122, 47.533785], [-52.74802, 47.52415], [-52.751097, 47.520689], [-52.752822, 47.518667], [-52.7532805, 47.517658499999996], [-52.755131, 47.514544], [-52.753766999999996, 47.5126555], [-52.752598, 47.513694], [-52.75047, 47.513061], [-52.750522, 47.509776], [-52.749894499999996, 47.5080165], [-52.751102, 47.507101], [-52.753144, 47.507322], [-52.753353000000004, 47.5090235], [-52.753175, 47.510684499999996], [-52.755924, 47.511675], [-52.757025, 47.510691], [-52.75798, 47.5078355], [-52.7599745, 47.504638], [-52.761318, 47.5023155], [-52.762640000000005, 47.5000285], [-52.76706, 47.49469], [-52.767483, 47.49195], [-52.767941500000006, 47.4873385], [-52.7681235, 47.483165], [-52.768436, 47.479271999999995], [-52.76871, 47.477219], [-52.769505, 47.4736885], [-52.76987, 47.4722055], [-52.770752, 47.468785], [-52.76987, 47.4722055], [-52.769505, 47.4736885], [-52.76871, 47.477219], [-52.768436, 47.479271999999995], [-52.7681235, 47.483165], [-52.767941500000006, 47.4873385], [-52.767483, 47.49195], [-52.76706, 47.49469], [-52.762640000000005, 47.5000285], [-52.761318, 47.5023155], [-52.7599745, 47.504638], [-52.75798, 47.5078355], [-52.757025, 47.510691], [-52.755924, 47.511675], [-52.753175, 47.510684499999996], [-52.753353000000004, 47.5090235], [-52.753144, 47.507322], [-52.751102, 47.507101], [-52.749894499999996, 47.5080165], [-52.750522, 47.509776], [-52.75047, 47.513061], [-52.752598, 47.513694], [-52.753766999999996, 47.5126555], [-52.755131, 47.514544], [-52.7532805, 47.517658499999996], [-52.752822, 47.518667], [-52.751097, 47.520689], [-52.74802, 47.52415], [-52.750122, 47.533785], [-52.75306500000001, 47.534048]]}}, {"type": "Feature", "properties": {"line": "F138", "type": "feeder", "headway_min": 20.0, "run_min": 41.4, "buses": 3, "flags": ["long: these stops are far from any hub; consider on-demand service", "few stops: candidate for on-demand or merging into a trunk"]}, "geometry": {"type": "LineString", "coordinates": [[-52.75306500000001, 47.534048], [-52.750122, 47.533785], [-52.74802, 47.52415], [-52.751097, 47.520689], [-52.752822, 47.518667], [-52.7532805, 47.517658499999996], [-52.755131, 47.514544], [-52.753766999999996, 47.5126555], [-52.752598, 47.513694], [-52.75047, 47.513061], [-52.750522, 47.509776], [-52.749894499999996, 47.5080165], [-52.751102, 47.507101], [-52.753144, 47.507322], [-52.753353000000004, 47.5090235], [-52.753175, 47.510684499999996], [-52.755924, 47.511675], [-52.757025, 47.510691], [-52.75798, 47.5078355], [-52.7599745, 47.504638], [-52.761318, 47.5023155], [-52.762640000000005, 47.5000285], [-52.76706, 47.49469], [-52.767483, 47.49195], [-52.767941500000006, 47.4873385], [-52.7681235, 47.483165], [-52.768436, 47.479271999999995], [-52.76871, 47.477219], [-52.769505, 47.4736885], [-52.76987, 47.4722055], [-52.770925, 47.466722], [-52.76987, 47.4722055], [-52.769505, 47.4736885], [-52.76871, 47.477219], [-52.768436, 47.479271999999995], [-52.7681235, 47.483165], [-52.767941500000006, 47.4873385], [-52.767483, 47.49195], [-52.76706, 47.49469], [-52.762640000000005, 47.5000285], [-52.761318, 47.5023155], [-52.7599745, 47.504638], [-52.75798, 47.5078355], [-52.757025, 47.510691], [-52.755924, 47.511675], [-52.753175, 47.510684499999996], [-52.753353000000004, 47.5090235], [-52.753144, 47.507322], [-52.751102, 47.507101], [-52.749894499999996, 47.5080165], [-52.750522, 47.509776], [-52.75047, 47.513061], [-52.752598, 47.513694], [-52.753766999999996, 47.5126555], [-52.755131, 47.514544], [-52.7532805, 47.517658499999996], [-52.752822, 47.518667], [-52.751097, 47.520689], [-52.74802, 47.52415], [-52.750122, 47.533785], [-52.75306500000001, 47.534048]]}}, {"type": "Feature", "properties": {"line": "F139", "type": "feeder", "headway_min": 20.0, "run_min": 42.9, "buses": 3, "flags": ["long: these stops are far from any hub; consider on-demand service", "few stops: candidate for on-demand or merging into a trunk"]}, "geometry": {"type": "LineString", "coordinates": [[-52.75306500000001, 47.534048], [-52.750122, 47.533785], [-52.74802, 47.52415], [-52.751097, 47.520689], [-52.752822, 47.518667], [-52.7532805, 47.517658499999996], [-52.755131, 47.514544], [-52.753766999999996, 47.5126555], [-52.752598, 47.513694], [-52.75047, 47.513061], [-52.750522, 47.509776], [-52.749894499999996, 47.5080165], [-52.751102, 47.507101], [-52.753144, 47.507322], [-52.753353000000004, 47.5090235], [-52.753175, 47.510684499999996], [-52.755924, 47.511675], [-52.757025, 47.510691], [-52.75798, 47.5078355], [-52.7599745, 47.504638], [-52.761318, 47.5023155], [-52.762640000000005, 47.5000285], [-52.76706, 47.49469], [-52.767483, 47.49195], [-52.767941500000006, 47.4873385], [-52.7681235, 47.483165], [-52.768436, 47.479271999999995], [-52.76871, 47.477219], [-52.769505, 47.4736885], [-52.76987, 47.4722055], [-52.770752, 47.468785], [-52.77185, 47.462918], [-52.770752, 47.468785], [-52.76987, 47.4722055], [-52.769505, 47.4736885], [-52.76871, 47.477219], [-52.768436, 47.479271999999995], [-52.7681235, 47.483165], [-52.767941500000006, 47.4873385], [-52.767483, 47.49195], [-52.76706, 47.49469], [-52.762640000000005, 47.5000285], [-52.761318, 47.5023155], [-52.7599745, 47.504638], [-52.75798, 47.5078355], [-52.757025, 47.510691], [-52.755924, 47.511675], [-52.753175, 47.510684499999996], [-52.753353000000004, 47.5090235], [-52.753144, 47.507322], [-52.751102, 47.507101], [-52.749894499999996, 47.5080165], [-52.750522, 47.509776], [-52.75047, 47.513061], [-52.752598, 47.513694], [-52.753766999999996, 47.5126555], [-52.755131, 47.514544], [-52.7532805, 47.517658499999996], [-52.752822, 47.518667], [-52.751097, 47.520689], [-52.74802, 47.52415], [-52.750122, 47.533785], [-52.75306500000001, 47.534048]]}}, {"type": "Feature", "properties": {"line": "F140", "type": "feeder", "headway_min": 20.0, "run_min": 27.0, "buses": 2, "flags": ["few stops: candidate for on-demand or merging into a trunk"]}, "geometry": {"type": "LineString", "coordinates": [[-52.75306500000001, 47.534048], [-52.750122, 47.533785], [-52.74802, 47.52415], [-52.751097, 47.520689], [-52.752822, 47.518667], [-52.7532805, 47.517658499999996], [-52.755131, 47.514544], [-52.753766999999996, 47.5126555], [-52.752598, 47.513694], [-52.75047, 47.513061], [-52.750522, 47.509776], [-52.749894499999996, 47.5080165], [-52.751102, 47.507101], [-52.753144, 47.507322], [-52.753353000000004, 47.5090235], [-52.753175, 47.510684499999996], [-52.755924, 47.511675], [-52.757025, 47.510691], [-52.75798, 47.5078355], [-52.7599745, 47.504638], [-52.761318, 47.5023155], [-52.7599745, 47.504638], [-52.75798, 47.5078355], [-52.757025, 47.510691], [-52.755924, 47.511675], [-52.753175, 47.510684499999996], [-52.753353000000004, 47.5090235], [-52.753144, 47.507322], [-52.751102, 47.507101], [-52.749894499999996, 47.5080165], [-52.750522, 47.509776], [-52.75047, 47.513061], [-52.752598, 47.513694], [-52.753766999999996, 47.5126555], [-52.755131, 47.514544], [-52.7532805, 47.517658499999996], [-52.752822, 47.518667], [-52.751097, 47.520689], [-52.74802, 47.52415], [-52.750122, 47.533785], [-52.75306500000001, 47.534048]]}}, {"type": "Feature", "properties": {"line": "F141", "type": "feeder", "headway_min": 20.0, "run_min": 44.1, "buses": 3, "flags": ["long: these stops are far from any hub; consider on-demand service", "few stops: candidate for on-demand or merging into a trunk"]}, "geometry": {"type": "LineString", "coordinates": [[-52.75306500000001, 47.534048], [-52.750122, 47.533785], [-52.74802, 47.52415], [-52.751097, 47.520689], [-52.752822, 47.518667], [-52.7532805, 47.517658499999996], [-52.755131, 47.514544], [-52.753766999999996, 47.5126555], [-52.752598, 47.513694], [-52.75047, 47.513061], [-52.750522, 47.509776], [-52.749894499999996, 47.5080165], [-52.751102, 47.507101], [-52.753144, 47.507322], [-52.753353000000004, 47.5090235], [-52.753175, 47.510684499999996], [-52.755924, 47.511675], [-52.757025, 47.510691], [-52.75798, 47.5078355], [-52.7599745, 47.504638], [-52.761318, 47.5023155], [-52.762640000000005, 47.5000285], [-52.76706, 47.49469], [-52.767483, 47.49195], [-52.767941500000006, 47.4873385], [-52.7681235, 47.483165], [-52.768436, 47.479271999999995], [-52.76871, 47.477219], [-52.769505, 47.4736885], [-52.76987, 47.4722055], [-52.770752, 47.468785], [-52.77185, 47.462918], [-52.771958, 47.460392], [-52.77185, 47.462918], [-52.770752, 47.468785], [-52.76987, 47.4722055], [-52.769505, 47.4736885], [-52.76871, 47.477219], [-52.768436, 47.479271999999995], [-52.7681235, 47.483165], [-52.767941500000006, 47.4873385], [-52.767483, 47.49195], [-52.76706, 47.49469], [-52.762640000000005, 47.5000285], [-52.761318, 47.5023155], [-52.7599745, 47.504638], [-52.75798, 47.5078355], [-52.757025, 47.510691], [-52.755924, 47.511675], [-52.753175, 47.510684499999996], [-52.753353000000004, 47.5090235], [-52.753144, 47.507322], [-52.751102, 47.507101], [-52.749894499999996, 47.5080165], [-52.750522, 47.509776], [-52.75047, 47.513061], [-52.752598, 47.513694], [-52.753766999999996, 47.5126555], [-52.755131, 47.514544], [-52.7532805, 47.517658499999996], [-52.752822, 47.518667], [-52.751097, 47.520689], [-52.74802, 47.52415], [-52.750122, 47.533785], [-52.75306500000001, 47.534048]]}}, {"type": "Feature", "properties": {"line": "F142", "type": "feeder", "headway_min": 20.0, "run_min": 26.6, "buses": 2, "flags": ["few stops: candidate for on-demand or merging into a trunk"]}, "geometry": {"type": "LineString", "coordinates": [[-52.75306500000001, 47.534048], [-52.750122, 47.533785], [-52.74802, 47.52415], [-52.751097, 47.520689], [-52.752822, 47.518667], [-52.7532805, 47.517658499999996], [-52.755131, 47.514544], [-52.753766999999996, 47.5126555], [-52.752598, 47.513694], [-52.75047, 47.513061], [-52.750522, 47.509776], [-52.749894499999996, 47.5080165], [-52.751102, 47.507101], [-52.753144, 47.507322], [-52.753353000000004, 47.5090235], [-52.753175, 47.510684499999996], [-52.755924, 47.511675], [-52.757025, 47.510691], [-52.75798, 47.5078355], [-52.7599745, 47.504638], [-52.760872, 47.503472], [-52.7599745, 47.504638], [-52.75798, 47.5078355], [-52.757025, 47.510691], [-52.755924, 47.511675], [-52.753175, 47.510684499999996], [-52.753353000000004, 47.5090235], [-52.753144, 47.507322], [-52.751102, 47.507101], [-52.749894499999996, 47.5080165], [-52.750522, 47.509776], [-52.75047, 47.513061], [-52.752598, 47.513694], [-52.753766999999996, 47.5126555], [-52.755131, 47.514544], [-52.7532805, 47.517658499999996], [-52.752822, 47.518667], [-52.751097, 47.520689], [-52.74802, 47.52415], [-52.750122, 47.533785], [-52.75306500000001, 47.534048]]}}, {"type": "Feature", "properties": {"line": "F143", "type": "feeder", "headway_min": 20.0, "run_min": 44.8, "buses": 3, "flags": ["long: these stops are far from any hub; consider on-demand service", "few stops: candidate for on-demand or merging into a trunk"]}, "geometry": {"type": "LineString", "coordinates": [[-52.75306500000001, 47.534048], [-52.750122, 47.533785], [-52.74802, 47.52415], [-52.751097, 47.520689], [-52.752822, 47.518667], [-52.7532805, 47.517658499999996], [-52.755131, 47.514544], [-52.753766999999996, 47.5126555], [-52.752598, 47.513694], [-52.75047, 47.513061], [-52.750522, 47.509776], [-52.749894499999996, 47.5080165], [-52.751102, 47.507101], [-52.753144, 47.507322], [-52.753353000000004, 47.5090235], [-52.753175, 47.510684499999996], [-52.755924, 47.511675], [-52.757025, 47.510691], [-52.75798, 47.5078355], [-52.7599745, 47.504638], [-52.761318, 47.5023155], [-52.762640000000005, 47.5000285], [-52.76706, 47.49469], [-52.767483, 47.49195], [-52.767941500000006, 47.4873385], [-52.7681235, 47.483165], [-52.768436, 47.479271999999995], [-52.76871, 47.477219], [-52.769505, 47.4736885], [-52.76987, 47.4722055], [-52.770752, 47.468785], [-52.77185, 47.462918], [-52.771958, 47.460392], [-52.771931, 47.458925], [-52.771958, 47.460392], [-52.77185, 47.462918], [-52.770752, 47.468785], [-52.76987, 47.4722055], [-52.769505, 47.4736885], [-52.76871, 47.477219], [-52.768436, 47.479271999999995], [-52.7681235, 47.483165], [-52.767941500000006, 47.4873385], [-52.767483, 47.49195], [-52.76706, 47.49469], [-52.762640000000005, 47.5000285], [-52.761318, 47.5023155], [-52.7599745, 47.504638], [-52.75798, 47.5078355], [-52.757025, 47.510691], [-52.755924, 47.511675], [-52.753175, 47.510684499999996], [-52.753353000000004, 47.5090235], [-52.753144, 47.507322], [-52.751102, 47.507101], [-52.749894499999996, 47.5080165], [-52.750522, 47.509776], [-52.75047, 47.513061], [-52.752598, 47.513694], [-52.753766999999996, 47.5126555], [-52.755131, 47.514544], [-52.7532805, 47.517658499999996], [-52.752822, 47.518667], [-52.751097, 47.520689], [-52.74802, 47.52415], [-52.750122, 47.533785], [-52.75306500000001, 47.534048]]}}, {"type": "Feature", "properties": {"line": "F144", "type": "feeder", "headway_min": 20.0, "run_min": 55.0, "buses": 4, "flags": ["long: these stops are far from any hub; consider on-demand service", "few stops: candidate for on-demand or merging into a trunk"]}, "geometry": {"type": "LineString", "coordinates": [[-52.75306500000001, 47.534048], [-52.750122, 47.533785], [-52.74802, 47.52415], [-52.751097, 47.520689], [-52.752822, 47.518667], [-52.7532805, 47.517658499999996], [-52.755131, 47.514544], [-52.753766999999996, 47.5126555], [-52.752598, 47.513694], [-52.75047, 47.513061], [-52.750522, 47.509776], [-52.749894499999996, 47.5080165], [-52.751102, 47.507101], [-52.753144, 47.507322], [-52.753353000000004, 47.5090235], [-52.753175, 47.510684499999996], [-52.755924, 47.511675], [-52.757025, 47.510691], [-52.75798, 47.5078355], [-52.7599745, 47.504638], [-52.761318, 47.5023155], [-52.762640000000005, 47.5000285], [-52.76706, 47.49469], [-52.767483, 47.49195], [-52.767941500000006, 47.4873385], [-52.7681235, 47.483165], [-52.768436, 47.479271999999995], [-52.76871, 47.477219], [-52.769505, 47.4736885], [-52.76987, 47.4722055], [-52.770752, 47.468785], [-52.77185, 47.462918], [-52.774319, 47.461303], [-52.77888, 47.46155], [-52.78181, 47.461603], [-52.783837, 47.461435], [-52.783676, 47.460146], [-52.783592, 47.456181], [-52.782983, 47.454575], [-52.77822, 47.453208], [-52.773119, 47.452934], [-52.77822, 47.453208], [-52.782983, 47.454575], [-52.783592, 47.456181], [-52.783676, 47.460146], [-52.783837, 47.461435], [-52.78181, 47.461603], [-52.77888, 47.46155], [-52.774319, 47.461303], [-52.77185, 47.462918], [-52.770752, 47.468785], [-52.76987, 47.4722055], [-52.769505, 47.4736885], [-52.76871, 47.477219], [-52.768436, 47.479271999999995], [-52.7681235, 47.483165], [-52.767941500000006, 47.4873385], [-52.767483, 47.49195], [-52.76706, 47.49469], [-52.762640000000005, 47.5000285], [-52.761318, 47.5023155], [-52.7599745, 47.504638], [-52.75798, 47.5078355], [-52.757025, 47.510691], [-52.755924, 47.511675], [-52.753175, 47.510684499999996], [-52.753353000000004, 47.5090235], [-52.753144, 47.507322], [-52.751102, 47.507101], [-52.749894499999996, 47.5080165], [-52.750522, 47.509776], [-52.75047, 47.513061], [-52.752598, 47.513694], [-52.753766999999996, 47.5126555], [-52.755131, 47.514544], [-52.7532805, 47.517658499999996], [-52.752822, 47.518667], [-52.751097, 47.520689], [-52.74802, 47.52415], [-52.750122, 47.533785], [-52.75306500000001, 47.534048]]}}, {"type": "Feature", "properties": {"line": "F145", "type": "feeder", "headway_min": 20.0, "run_min": 46.0, "buses": 3, "flags": ["long: these stops are far from any hub; consider on-demand service", "few stops: candidate for on-demand or merging into a trunk"]}, "geometry": {"type": "LineString", "coordinates": [[-52.75306500000001, 47.534048], [-52.750122, 47.533785], [-52.74802, 47.52415], [-52.751097, 47.520689], [-52.752822, 47.518667], [-52.7532805, 47.517658499999996], [-52.755131, 47.514544], [-52.753766999999996, 47.5126555], [-52.752598, 47.513694], [-52.75047, 47.513061], [-52.750522, 47.509776], [-52.749894499999996, 47.5080165], [-52.751102, 47.507101], [-52.753144, 47.507322], [-52.753353000000004, 47.5090235], [-52.753175, 47.510684499999996], [-52.755924, 47.511675], [-52.757025, 47.510691], [-52.75798, 47.5078355], [-52.7599745, 47.504638], [-52.761318, 47.5023155], [-52.762640000000005, 47.5000285], [-52.76706, 47.49469], [-52.767483, 47.49195], [-52.767941500000006, 47.4873385], [-52.7681235, 47.483165], [-52.768436, 47.479271999999995], [-52.76871, 47.477219], [-52.769505, 47.4736885], [-52.76987, 47.4722055], [-52.770752, 47.468785], [-52.77185, 47.462918], [-52.771958, 47.460392], [-52.771931, 47.458925], [-52.771883, 47.456064], [-52.771931, 47.458925], [-52.771958, 47.460392], [-52.77185, 47.462918], [-52.770752, 47.468785], [-52.76987, 47.4722055], [-52.769505, 47.4736885], [-52.76871, 47.477219], [-52.768436, 47.479271999999995], [-52.7681235, 47.483165], [-52.767941500000006, 47.4873385], [-52.767483, 47.49195], [-52.76706, 47.49469], [-52.762640000000005, 47.5000285], [-52.761318, 47.5023155], [-52.7599745, 47.504638], [-52.75798, 47.5078355], [-52.757025, 47.510691], [-52.755924, 47.511675], [-52.753175, 47.510684499999996], [-52.753353000000004, 47.5090235], [-52.753144, 47.507322], [-52.751102, 47.507101], [-52.749894499999996, 47.5080165], [-52.750522, 47.509776], [-52.75047, 47.513061], [-52.752598, 47.513694], [-52.753766999999996, 47.5126555], [-52.755131, 47.514544], [-52.7532805, 47.517658499999996], [-52.752822, 47.518667], [-52.751097, 47.520689], [-52.74802, 47.52415], [-52.750122, 47.533785], [-52.75306500000001, 47.534048]]}}, {"type": "Feature", "properties": {"line": "F146", "type": "feeder", "headway_min": 20.0, "run_min": 26.1, "buses": 2, "flags": ["few stops: candidate for on-demand or merging into a trunk"]}, "geometry": {"type": "LineString", "coordinates": [[-52.75306500000001, 47.534048], [-52.750122, 47.533785], [-52.74802, 47.52415], [-52.751097, 47.520689], [-52.752822, 47.518667], [-52.7532805, 47.517658499999996], [-52.755131, 47.514544], [-52.753766999999996, 47.5126555], [-52.752598, 47.513694], [-52.75047, 47.513061], [-52.750522, 47.509776], [-52.749894499999996, 47.5080165], [-52.751102, 47.507101], [-52.753144, 47.507322], [-52.753353000000004, 47.5090235], [-52.753175, 47.510684499999996], [-52.755924, 47.511675], [-52.757025, 47.510691], [-52.75798, 47.5078355], [-52.7599745, 47.504638], [-52.75798, 47.5078355], [-52.757025, 47.510691], [-52.755924, 47.511675], [-52.753175, 47.510684499999996], [-52.753353000000004, 47.5090235], [-52.753144, 47.507322], [-52.751102, 47.507101], [-52.749894499999996, 47.5080165], [-52.750522, 47.509776], [-52.75047, 47.513061], [-52.752598, 47.513694], [-52.753766999999996, 47.5126555], [-52.755131, 47.514544], [-52.7532805, 47.517658499999996], [-52.752822, 47.518667], [-52.751097, 47.520689], [-52.74802, 47.52415], [-52.750122, 47.533785], [-52.75306500000001, 47.534048]]}}, {"type": "Feature", "properties": {"line": "F147", "type": "feeder", "headway_min": 20.0, "run_min": 54.5, "buses": 3, "flags": ["long: these stops are far from any hub; consider on-demand service", "few stops: candidate for on-demand or merging into a trunk"]}, "geometry": {"type": "LineString", "coordinates": [[-52.75306500000001, 47.534048], [-52.750122, 47.533785], [-52.74802, 47.52415], [-52.751097, 47.520689], [-52.752822, 47.518667], [-52.7532805, 47.517658499999996], [-52.755131, 47.514544], [-52.753766999999996, 47.5126555], [-52.752598, 47.513694], [-52.75047, 47.513061], [-52.750522, 47.509776], [-52.749894499999996, 47.5080165], [-52.751102, 47.507101], [-52.753144, 47.507322], [-52.753353000000004, 47.5090235], [-52.753175, 47.510684499999996], [-52.755924, 47.511675], [-52.757025, 47.510691], [-52.75798, 47.5078355], [-52.7599745, 47.504638], [-52.761318, 47.5023155], [-52.762640000000005, 47.5000285], [-52.76706, 47.49469], [-52.767483, 47.49195], [-52.767941500000006, 47.4873385], [-52.7681235, 47.483165], [-52.768436, 47.479271999999995], [-52.76871, 47.477219], [-52.769505, 47.4736885], [-52.76987, 47.4722055], [-52.770752, 47.468785], [-52.77185, 47.462918], [-52.771958, 47.460392], [-52.771931, 47.458925], [-52.771883, 47.456064], [-52.771844, 47.448636], [-52.771255, 47.444628], [-52.77187, 47.447244], [-52.772021, 47.45116], [-52.77187, 47.447244], [-52.771255, 47.444628], [-52.771844, 47.448636], [-52.771883, 47.456064], [-52.771931, 47.458925], [-52.771958, 47.460392], [-52.77185, 47.462918], [-52.770752, 47.468785], [-52.76987, 47.4722055], [-52.769505, 47.4736885], [-52.76871, 47.477219], [-52.768436, 47.479271999999995], [-52.7681235, 47.483165], [-52.767941500000006, 47.4873385], [-52.767483, 47.49195], [-52.76706, 47.49469], [-52.762640000000005, 47.5000285], [-52.761318, 47.5023155], [-52.7599745, 47.504638], [-52.75798, 47.5078355], [-52.757025, 47.510691], [-52.755924, 47.511675], [-52.753175, 47.510684499999996], [-52.753353000000004, 47.5090235], [-52.753144, 47.507322], [-52.751102, 47.507101], [-52.749894499999996, 47.5080165], [-52.750522, 47.509776], [-52.75047, 47.513061], [-52.752598, 47.513694], [-52.753766999999996, 47.5126555], [-52.755131, 47.514544], [-52.7532805, 47.517658499999996], [-52.752822, 47.518667], [-52.751097, 47.520689], [-52.74802, 47.52415], [-52.750122, 47.533785], [-52.75306500000001, 47.534048]]}}, {"type": "Feature", "properties": {"line": "F148", "type": "feeder", "headway_min": 20.0, "run_min": 49.1, "buses": 3, "flags": ["long: these stops are far from any hub; consider on-demand service", "few stops: candidate for on-demand or merging into a trunk"]}, "geometry": {"type": "LineString", "coordinates": [[-52.75306500000001, 47.534048], [-52.750122, 47.533785], [-52.74802, 47.52415], [-52.751097, 47.520689], [-52.752822, 47.518667], [-52.7532805, 47.517658499999996], [-52.755131, 47.514544], [-52.753766999999996, 47.5126555], [-52.752598, 47.513694], [-52.75047, 47.513061], [-52.750522, 47.509776], [-52.749894499999996, 47.5080165], [-52.751102, 47.507101], [-52.753144, 47.507322], [-52.753353000000004, 47.5090235], [-52.753175, 47.510684499999996], [-52.755924, 47.511675], [-52.757025, 47.510691], [-52.75798, 47.5078355], [-52.7599745, 47.504638], [-52.761318, 47.5023155], [-52.762640000000005, 47.5000285], [-52.76706, 47.49469], [-52.767483, 47.49195], [-52.767941500000006, 47.4873385], [-52.7681235, 47.483165], [-52.768436, 47.479271999999995], [-52.76871, 47.477219], [-52.769505, 47.4736885], [-52.76987, 47.4722055], [-52.770752, 47.468785], [-52.77185, 47.462918], [-52.771958, 47.460392], [-52.771931, 47.458925], [-52.771883, 47.456064], [-52.771844, 47.448636], [-52.771883, 47.456064], [-52.771931, 47.458925], [-52.771958, 47.460392], [-52.77185, 47.462918], [-52.770752, 47.468785], [-52.76987, 47.4722055], [-52.769505, 47.4736885], [-52.76871, 47.477219], [-52.768436, 47.479271999999995], [-52.7681235, 47.483165], [-52.767941500000006, 47.4873385], [-52.767483, 47.49195], [-52.76706, 47.49469], [-52.762640000000005, 47.5000285], [-52.761318, 47.5023155], [-52.7599745, 47.504638], [-52.75798, 47.5078355], [-52.757025, 47.510691], [-52.755924, 47.511675], [-52.753175, 47.510684499999996], [-52.753353000000004, 47.5090235], [-52.753144, 47.507322], [-52.751102, 47.507101], [-52.749894499999996, 47.5080165], [-52.750522, 47.509776], [-52.75047, 47.513061], [-52.752598, 47.513694], [-52.753766999999996, 47.5126555], [-52.755131, 47.514544], [-52.7532805, 47.517658499999996], [-52.752822, 47.518667], [-52.751097, 47.520689], [-52.74802, 47.52415], [-52.750122, 47.533785], [-52.75306500000001, 47.534048]]}}, {"type": "Feature", "properties": {"line": "F149", "type": "feeder", "headway_min": 20.0, "run_min": 52.2, "buses": 3, "flags": ["long: these stops are far from any hub; consider on-demand service", "few stops: candidate for on-demand or merging into a trunk"]}, "geometry": {"type": "LineString", "coordinates": [[-52.75306500000001, 47.534048], [-52.750122, 47.533785], [-52.74802, 47.52415], [-52.751097, 47.520689], [-52.752822, 47.518667], [-52.7532805, 47.517658499999996], [-52.755131, 47.514544], [-52.753766999999996, 47.5126555], [-52.752598, 47.513694], [-52.75047, 47.513061], [-52.750522, 47.509776], [-52.749894499999996, 47.5080165], [-52.751102, 47.507101], [-52.753144, 47.507322], [-52.753353000000004, 47.5090235], [-52.753175, 47.510684499999996], [-52.755924, 47.511675], [-52.757025, 47.510691], [-52.75798, 47.5078355], [-52.7599745, 47.504638], [-52.761318, 47.5023155], [-52.762640000000005, 47.5000285], [-52.76706, 47.49469], [-52.767483, 47.49195], [-52.767941500000006, 47.4873385], [-52.7681235, 47.483165], [-52.768436, 47.479271999999995], [-52.76871, 47.477219], [-52.769505, 47.4736885], [-52.76987, 47.4722055], [-52.770752, 47.468785], [-52.77185, 47.462918], [-52.771958, 47.460392], [-52.771931, 47.458925], [-52.771883, 47.456064], [-52.771844, 47.448636], [-52.771255, 47.444628], [-52.77187, 47.447244], [-52.771255, 47.444628], [-52.771844, 47.448636], [-52.771883, 47.456064], [-52.771931, 47.458925], [-52.771958, 47.460392], [-52.77185, 47.462918], [-52.770752, 47.468785], [-52.76987, 47.4722055], [-52.769505, 47.4736885], [-52.76871, 47.477219], [-52.768436, 47.479271999999995], [-52.7681235, 47.483165], [-52.767941500000006, 47.4873385], [-52.767483, 47.49195], [-52.76706, 47.49469], [-52.762640000000005, 47.5000285], [-52.761318, 47.5023155], [-52.7599745, 47.504638], [-52.75798, 47.5078355], [-52.757025, 47.510691], [-52.755924, 47.511675], [-52.753175, 47.510684499999996], [-52.753353000000004, 47.5090235], [-52.753144, 47.507322], [-52.751102, 47.507101], [-52.749894499999996, 47.5080165], [-52.750522, 47.509776], [-52.75047, 47.513061], [-52.752598, 47.513694], [-52.753766999999996, 47.5126555], [-52.755131, 47.514544], [-52.7532805, 47.517658499999996], [-52.752822, 47.518667], [-52.751097, 47.520689], [-52.74802, 47.52415], [-52.750122, 47.533785], [-52.75306500000001, 47.534048]]}}, {"type": "Feature", "properties": {"line": "F150", "type": "feeder", "headway_min": 20.0, "run_min": 51.0, "buses": 3, "flags": ["long: these stops are far from any hub; consider on-demand service", "few stops: candidate for on-demand or merging into a trunk"]}, "geometry": {"type": "LineString", "coordinates": [[-52.75306500000001, 47.534048], [-52.750122, 47.533785], [-52.74802, 47.52415], [-52.751097, 47.520689], [-52.752822, 47.518667], [-52.7532805, 47.517658499999996], [-52.755131, 47.514544], [-52.753766999999996, 47.5126555], [-52.752598, 47.513694], [-52.75047, 47.513061], [-52.750522, 47.509776], [-52.749894499999996, 47.5080165], [-52.751102, 47.507101], [-52.753144, 47.507322], [-52.753353000000004, 47.5090235], [-52.753175, 47.510684499999996], [-52.755924, 47.511675], [-52.757025, 47.510691], [-52.75798, 47.5078355], [-52.7599745, 47.504638], [-52.761318, 47.5023155], [-52.762640000000005, 47.5000285], [-52.76706, 47.49469], [-52.767483, 47.49195], [-52.767941500000006, 47.4873385], [-52.7681235, 47.483165], [-52.768436, 47.479271999999995], [-52.76871, 47.477219], [-52.769505, 47.4736885], [-52.76987, 47.4722055], [-52.770752, 47.468785], [-52.77185, 47.462918], [-52.771958, 47.460392], [-52.771931, 47.458925], [-52.771883, 47.456064], [-52.771844, 47.448636], [-52.771255, 47.444628], [-52.771844, 47.448636], [-52.771883, 47.456064], [-52.771931, 47.458925], [-52.771958, 47.460392], [-52.77185, 47.462918], [-52.770752, 47.468785], [-52.76987, 47.4722055], [-52.769505, 47.4736885], [-52.76871, 47.477219], [-52.768436, 47.479271999999995], [-52.7681235, 47.483165], [-52.767941500000006, 47.4873385], [-52.767483, 47.49195], [-52.76706, 47.49469], [-52.762640000000005, 47.5000285], [-52.761318, 47.5023155], [-52.7599745, 47.504638], [-52.75798, 47.5078355], [-52.757025, 47.510691], [-52.755924, 47.511675], [-52.753175, 47.510684499999996], [-52.753353000000004, 47.5090235], [-52.753144, 47.507322], [-52.751102, 47.507101], [-52.749894499999996, 47.5080165], [-52.750522, 47.509776], [-52.75047, 47.513061], [-52.752598, 47.513694], [-52.753766999999996, 47.5126555], [-52.755131, 47.514544], [-52.7532805, 47.517658499999996], [-52.752822, 47.518667], [-52.751097, 47.520689], [-52.74802, 47.52415], [-52.750122, 47.533785], [-52.75306500000001, 47.534048]]}}, {"type": "Feature", "properties": {"line": "F151", "type": "feeder", "headway_min": 20.0, "run_min": 52.3, "buses": 3, "flags": ["long: these stops are far from any hub; consider on-demand service", "few stops: candidate for on-demand or merging into a trunk"]}, "geometry": {"type": "LineString", "coordinates": [[-52.75306500000001, 47.534048], [-52.750122, 47.533785], [-52.74802, 47.52415], [-52.751097, 47.520689], [-52.752822, 47.518667], [-52.7532805, 47.517658499999996], [-52.755131, 47.514544], [-52.753766999999996, 47.5126555], [-52.752598, 47.513694], [-52.75047, 47.513061], [-52.750522, 47.509776], [-52.749894499999996, 47.5080165], [-52.751102, 47.507101], [-52.753144, 47.507322], [-52.753353000000004, 47.5090235], [-52.753175, 47.510684499999996], [-52.755924, 47.511675], [-52.757025, 47.510691], [-52.75798, 47.5078355], [-52.7599745, 47.504638], [-52.761318, 47.5023155], [-52.762640000000005, 47.5000285], [-52.76706, 47.49469], [-52.767483, 47.49195], [-52.767941500000006, 47.4873385], [-52.7681235, 47.483165], [-52.768436, 47.479271999999995], [-52.76871, 47.477219], [-52.769505, 47.4736885], [-52.76987, 47.4722055], [-52.770752, 47.468785], [-52.77185, 47.462918], [-52.771958, 47.460392], [-52.771931, 47.458925], [-52.771883, 47.456064], [-52.771844, 47.448636], [-52.771255, 47.444628], [-52.770607, 47.441603], [-52.771255, 47.444628], [-52.771844, 47.448636], [-52.771883, 47.456064], [-52.771931, 47.458925], [-52.771958, 47.460392], [-52.77185, 47.462918], [-52.770752, 47.468785], [-52.76987, 47.4722055], [-52.769505, 47.4736885], [-52.76871, 47.477219], [-52.768436, 47.479271999999995], [-52.7681235, 47.483165], [-52.767941500000006, 47.4873385], [-52.767483, 47.49195], [-52.76706, 47.49469], [-52.762640000000005, 47.5000285], [-52.761318, 47.5023155], [-52.7599745, 47.504638], [-52.75798, 47.5078355], [-52.757025, 47.510691], [-52.755924, 47.511675], [-52.753175, 47.510684499999996], [-52.753353000000004, 47.5090235], [-52.753144, 47.507322], [-52.751102, 47.507101], [-52.749894499999996, 47.5080165], [-52.750522, 47.509776], [-52.75047, 47.513061], [-52.752598, 47.513694], [-52.753766999999996, 47.5126555], [-52.755131, 47.514544], [-52.7532805, 47.517658499999996], [-52.752822, 47.518667], [-52.751097, 47.520689], [-52.74802, 47.52415], [-52.750122, 47.533785], [-52.75306500000001, 47.534048]]}}, {"type": "Feature", "properties": {"line": "F152", "type": "feeder", "headway_min": 20.0, "run_min": 24.8, "buses": 2, "flags": ["few stops: candidate for on-demand or merging into a trunk"]}, "geometry": {"type": "LineString", "coordinates": [[-52.75306500000001, 47.534048], [-52.750122, 47.533785], [-52.74802, 47.52415], [-52.751097, 47.520689], [-52.752822, 47.518667], [-52.7532805, 47.517658499999996], [-52.755131, 47.514544], [-52.753766999999996, 47.5126555], [-52.752598, 47.513694], [-52.75047, 47.513061], [-52.750522, 47.509776], [-52.749894499999996, 47.5080165], [-52.751102, 47.507101], [-52.753144, 47.507322], [-52.753353000000004, 47.5090235], [-52.753175, 47.510684499999996], [-52.755924, 47.511675], [-52.757025, 47.510691], [-52.75798, 47.5078355], [-52.757025, 47.510691], [-52.755924, 47.511675], [-52.753175, 47.510684499999996], [-52.753353000000004, 47.5090235], [-52.753144, 47.507322], [-52.751102, 47.507101], [-52.749894499999996, 47.5080165], [-52.750522, 47.509776], [-52.75047, 47.513061], [-52.752598, 47.513694], [-52.753766999999996, 47.5126555], [-52.755131, 47.514544], [-52.7532805, 47.517658499999996], [-52.752822, 47.518667], [-52.751097, 47.520689], [-52.74802, 47.52415], [-52.750122, 47.533785], [-52.75306500000001, 47.534048]]}}, {"type": "Feature", "properties": {"line": "F153", "type": "feeder", "headway_min": 20.0, "run_min": 53.9, "buses": 3, "flags": ["long: these stops are far from any hub; consider on-demand service", "few stops: candidate for on-demand or merging into a trunk"]}, "geometry": {"type": "LineString", "coordinates": [[-52.75306500000001, 47.534048], [-52.750122, 47.533785], [-52.74802, 47.52415], [-52.751097, 47.520689], [-52.752822, 47.518667], [-52.7532805, 47.517658499999996], [-52.755131, 47.514544], [-52.753766999999996, 47.5126555], [-52.752598, 47.513694], [-52.75047, 47.513061], [-52.750522, 47.509776], [-52.749894499999996, 47.5080165], [-52.751102, 47.507101], [-52.753144, 47.507322], [-52.753353000000004, 47.5090235], [-52.753175, 47.510684499999996], [-52.755924, 47.511675], [-52.757025, 47.510691], [-52.75798, 47.5078355], [-52.7599745, 47.504638], [-52.761318, 47.5023155], [-52.762640000000005, 47.5000285], [-52.76706, 47.49469], [-52.767483, 47.49195], [-52.767941500000006, 47.4873385], [-52.7681235, 47.483165], [-52.768436, 47.479271999999995], [-52.76871, 47.477219], [-52.769505, 47.4736885], [-52.76987, 47.4722055], [-52.770752, 47.468785], [-52.77185, 47.462918], [-52.771958, 47.460392], [-52.771931, 47.458925], [-52.771883, 47.456064], [-52.771844, 47.448636], [-52.771255, 47.444628], [-52.770607, 47.441603], [-52.768136, 47.439715], [-52.770607, 47.441603], [-52.771255, 47.444628], [-52.771844, 47.448636], [-52.771883, 47.456064], [-52.771931, 47.458925], [-52.771958, 47.460392], [-52.77185, 47.462918], [-52.770752, 47.468785], [-52.76987, 47.4722055], [-52.769505, 47.4736885], [-52.76871, 47.477219], [-52.768436, 47.479271999999995], [-52.7681235, 47.483165], [-52.767941500000006, 47.4873385], [-52.767483, 47.49195], [-52.76706, 47.49469], [-52.762640000000005, 47.5000285], [-52.761318, 47.5023155], [-52.7599745, 47.504638], [-52.75798, 47.5078355], [-52.757025, 47.510691], [-52.755924, 47.511675], [-52.753175, 47.510684499999996], [-52.753353000000004, 47.5090235], [-52.753144, 47.507322], [-52.751102, 47.507101], [-52.749894499999996, 47.5080165], [-52.750522, 47.509776], [-52.75047, 47.513061], [-52.752598, 47.513694], [-52.753766999999996, 47.5126555], [-52.755131, 47.514544], [-52.7532805, 47.517658499999996], [-52.752822, 47.518667], [-52.751097, 47.520689], [-52.74802, 47.52415], [-52.750122, 47.533785], [-52.75306500000001, 47.534048]]}}, {"type": "Feature", "properties": {"line": "F154", "type": "feeder", "headway_min": 20.0, "run_min": 23.0, "buses": 2, "flags": ["few stops: candidate for on-demand or merging into a trunk"]}, "geometry": {"type": "LineString", "coordinates": [[-52.75306500000001, 47.534048], [-52.750122, 47.533785], [-52.74802, 47.52415], [-52.751097, 47.520689], [-52.752822, 47.518667], [-52.7532805, 47.517658499999996], [-52.755131, 47.514544], [-52.753766999999996, 47.5126555], [-52.752598, 47.513694], [-52.75047, 47.513061], [-52.750522, 47.509776], [-52.749894499999996, 47.5080165], [-52.751102, 47.507101], [-52.753144, 47.507322], [-52.753353000000004, 47.5090235], [-52.753175, 47.510684499999996], [-52.755924, 47.511675], [-52.753175, 47.510684499999996], [-52.753353000000004, 47.5090235], [-52.753144, 47.507322], [-52.751102, 47.507101], [-52.749894499999996, 47.5080165], [-52.750522, 47.509776], [-52.75047, 47.513061], [-52.752598, 47.513694], [-52.753766999999996, 47.5126555], [-52.755131, 47.514544], [-52.7532805, 47.517658499999996], [-52.752822, 47.518667], [-52.751097, 47.520689], [-52.74802, 47.52415], [-52.750122, 47.533785], [-52.75306500000001, 47.534048]]}}, {"type": "Feature", "properties": {"line": "F155", "type": "feeder", "headway_min": 20.0, "run_min": 55.0, "buses": 4, "flags": ["long: these stops are far from any hub; consider on-demand service", "few stops: candidate for on-demand or merging into a trunk"]}, "geometry": {"type": "LineString", "coordinates": [[-52.75306500000001, 47.534048], [-52.750122, 47.533785], [-52.74802, 47.52415], [-52.751097, 47.520689], [-52.752822, 47.518667], [-52.7532805, 47.517658499999996], [-52.755131, 47.514544], [-52.753766999999996, 47.5126555], [-52.752598, 47.513694], [-52.75047, 47.513061], [-52.750522, 47.509776], [-52.749894499999996, 47.5080165], [-52.751102, 47.507101], [-52.753144, 47.507322], [-52.753353000000004, 47.5090235], [-52.753175, 47.510684499999996], [-52.755924, 47.511675], [-52.757025, 47.510691], [-52.75798, 47.5078355], [-52.7599745, 47.504638], [-52.761318, 47.5023155], [-52.762640000000005, 47.5000285], [-52.76706, 47.49469], [-52.767483, 47.49195], [-52.767941500000006, 47.4873385], [-52.7681235, 47.483165], [-52.768436, 47.479271999999995], [-52.76871, 47.477219], [-52.769505, 47.4736885], [-52.76987, 47.4722055], [-52.770752, 47.468785], [-52.77185, 47.462918], [-52.771958, 47.460392], [-52.771931, 47.458925], [-52.771883, 47.456064], [-52.771844, 47.448636], [-52.771255, 47.444628], [-52.770607, 47.441603], [-52.764927, 47.4385075], [-52.770607, 47.441603], [-52.771255, 47.444628], [-52.771844, 47.448636], [-52.771883, 47.456064], [-52.771931, 47.458925], [-52.771958, 47.460392], [-52.77185, 47.462918], [-52.770752, 47.468785], [-52.76987, 47.4722055], [-52.769505, 47.4736885], [-52.76871, 47.477219], [-52.768436, 47.479271999999995], [-52.7681235, 47.483165], [-52.767941500000006, 47.4873385], [-52.767483, 47.49195], [-52.76706, 47.49469], [-52.762640000000005, 47.5000285], [-52.761318, 47.5023155], [-52.7599745, 47.504638], [-52.75798, 47.5078355], [-52.757025, 47.510691], [-52.755924, 47.511675], [-52.753175, 47.510684499999996], [-52.753353000000004, 47.5090235], [-52.753144, 47.507322], [-52.751102, 47.507101], [-52.749894499999996, 47.5080165], [-52.750522, 47.509776], [-52.75047, 47.513061], [-52.752598, 47.513694], [-52.753766999999996, 47.5126555], [-52.755131, 47.514544], [-52.7532805, 47.517658499999996], [-52.752822, 47.518667], [-52.751097, 47.520689], [-52.74802, 47.52415], [-52.750122, 47.533785], [-52.75306500000001, 47.534048]]}}, {"type": "Feature", "properties": {"line": "F156", "type": "feeder", "headway_min": 20.0, "run_min": 15.4, "buses": 1, "flags": ["few stops: candidate for on-demand or merging into a trunk"]}, "geometry": {"type": "LineString", "coordinates": [[-52.75306500000001, 47.534048], [-52.750122, 47.533785], [-52.74802, 47.52415], [-52.751097, 47.520689], [-52.752822, 47.518667], [-52.7532805, 47.517658499999996], [-52.755131, 47.514544], [-52.753766999999996, 47.5126555], [-52.755353, 47.513814], [-52.7532805, 47.517658499999996], [-52.752822, 47.518667], [-52.751097, 47.520689], [-52.74802, 47.52415], [-52.750122, 47.533785], [-52.75306500000001, 47.534048]]}}, {"type": "Feature", "properties": {"line": "F157", "type": "feeder", "headway_min": 20.0, "run_min": 56.9, "buses": 4, "flags": ["long: these stops are far from any hub; consider on-demand service", "few stops: candidate for on-demand or merging into a trunk"]}, "geometry": {"type": "LineString", "coordinates": [[-52.75306500000001, 47.534048], [-52.750122, 47.533785], [-52.74802, 47.52415], [-52.751097, 47.520689], [-52.752822, 47.518667], [-52.7532805, 47.517658499999996], [-52.755131, 47.514544], [-52.753766999999996, 47.5126555], [-52.752598, 47.513694], [-52.75047, 47.513061], [-52.750522, 47.509776], [-52.749894499999996, 47.5080165], [-52.751102, 47.507101], [-52.753144, 47.507322], [-52.753353000000004, 47.5090235], [-52.753175, 47.510684499999996], [-52.755924, 47.511675], [-52.757025, 47.510691], [-52.75798, 47.5078355], [-52.7599745, 47.504638], [-52.761318, 47.5023155], [-52.762640000000005, 47.5000285], [-52.76706, 47.49469], [-52.767483, 47.49195], [-52.767941500000006, 47.4873385], [-52.7681235, 47.483165], [-52.768436, 47.479271999999995], [-52.76871, 47.477219], [-52.769505, 47.4736885], [-52.76987, 47.4722055], [-52.770752, 47.468785], [-52.77185, 47.462918], [-52.771958, 47.460392], [-52.771931, 47.458925], [-52.771883, 47.456064], [-52.771844, 47.448636], [-52.771255, 47.444628], [-52.770607, 47.441603], [-52.764927, 47.4385075], [-52.759482, 47.436518], [-52.764927, 47.4385075], [-52.770607, 47.441603], [-52.771255, 47.444628], [-52.771844, 47.448636], [-52.771883, 47.456064], [-52.771931, 47.458925], [-52.771958, 47.460392], [-52.77185, 47.462918], [-52.770752, 47.468785], [-52.76987, 47.4722055], [-52.769505, 47.4736885], [-52.76871, 47.477219], [-52.768436, 47.479271999999995], [-52.7681235, 47.483165], [-52.767941500000006, 47.4873385], [-52.767483, 47.49195], [-52.76706, 47.49469], [-52.762640000000005, 47.5000285], [-52.761318, 47.5023155], [-52.7599745, 47.504638], [-52.75798, 47.5078355], [-52.757025, 47.510691], [-52.755924, 47.511675], [-52.753175, 47.510684499999996], [-52.753353000000004, 47.5090235], [-52.753144, 47.507322], [-52.751102, 47.507101], [-52.749894499999996, 47.5080165], [-52.750522, 47.509776], [-52.75047, 47.513061], [-52.752598, 47.513694], [-52.753766999999996, 47.5126555], [-52.755131, 47.514544], [-52.7532805, 47.517658499999996], [-52.752822, 47.518667], [-52.751097, 47.520689], [-52.74802, 47.52415], [-52.750122, 47.533785], [-52.75306500000001, 47.534048]]}}, {"type": "Feature", "properties": {"line": "F158", "type": "feeder", "headway_min": 20.0, "run_min": 25.6, "buses": 2, "flags": []}, "geometry": {"type": "LineString", "coordinates": [[-52.75306500000001, 47.534048], [-52.750122, 47.533785], [-52.74802, 47.52415], [-52.751097, 47.520689], [-52.752822, 47.518667], [-52.7532805, 47.517658499999996], [-52.755131, 47.514544], [-52.753766999999996, 47.5126555], [-52.752598, 47.513694], [-52.75047, 47.513061], [-52.750522, 47.509776], [-52.749894499999996, 47.5080165], [-52.751102, 47.507101], [-52.753144, 47.507322], [-52.753353000000004, 47.5090235], [-52.753175, 47.510684499999996], [-52.753625, 47.511155], [-52.753175, 47.510684499999996], [-52.753353000000004, 47.5090235], [-52.753144, 47.507322], [-52.751102, 47.507101], [-52.749894499999996, 47.5080165], [-52.75027, 47.5092], [-52.75051, 47.511408], [-52.751281, 47.514211], [-52.753766999999996, 47.5126555], [-52.755131, 47.514544], [-52.7532805, 47.517658499999996], [-52.75012, 47.52143], [-52.74818, 47.5234], [-52.750122, 47.533785], [-52.75306500000001, 47.534048]]}}, {"type": "Feature", "properties": {"line": "F159", "type": "feeder", "headway_min": 20.0, "run_min": 22.5, "buses": 2, "flags": []}, "geometry": {"type": "LineString", "coordinates": [[-52.760339, 47.560369], [-52.760229, 47.558415], [-52.750664, 47.557692], [-52.7505545, 47.556739], [-52.751142, 47.558601], [-52.757503, 47.55998], [-52.754999, 47.5634785], [-52.7526345, 47.565442000000004], [-52.748948999999996, 47.5653535], [-52.747888, 47.566872000000004], [-52.748948999999996, 47.5653535], [-52.7526345, 47.565442000000004], [-52.754999, 47.5634785], [-52.757503, 47.55998], [-52.760339, 47.560369]]}}, {"type": "Feature", "properties": {"line": "F160", "type": "feeder", "headway_min": 20.0, "run_min": 31.8, "buses": 2, "flags": []}, "geometry": {"type": "LineString", "coordinates": [[-52.760339, 47.560369], [-52.760229, 47.558415], [-52.76738, 47.555139], [-52.772582, 47.553176], [-52.7771365, 47.550982], [-52.780892, 47.552675], [-52.782729, 47.555126], [-52.781581, 47.558737], [-52.771543, 47.564126], [-52.781172, 47.55814], [-52.771543, 47.564126], [-52.766325, 47.564647], [-52.762119, 47.5642085], [-52.758168, 47.571162], [-52.762119, 47.5642085], [-52.76538, 47.56562], [-52.76655, 47.56623], [-52.76978, 47.56552], [-52.771543, 47.564126], [-52.772208500000005, 47.5624045], [-52.770502, 47.559604], [-52.767117999999996, 47.555732500000005], [-52.764753, 47.555727], [-52.75858, 47.55756], [-52.760229, 47.558415], [-52.760339, 47.560369]]}}, {"type": "Feature", "properties": {"line": "F161", "type": "feeder", "headway_min": 20.0, "run_min": 21.4, "buses": 2, "flags": ["few stops: candidate for on-demand or merging into a trunk"]}, "geometry": {"type": "LineString", "coordinates": [[-52.760339, 47.560369], [-52.760229, 47.558415], [-52.75858, 47.55756], [-52.764753, 47.555727], [-52.767117999999996, 47.555732500000005], [-52.769606, 47.558603], [-52.767117999999996, 47.555732500000005], [-52.770225, 47.553947], [-52.773889, 47.552298], [-52.7771365, 47.550982], [-52.781214, 47.550996], [-52.785267, 47.549413], [-52.789212, 47.550717], [-52.790386, 47.552863], [-52.794913, 47.555172], [-52.790386, 47.552863], [-52.789212, 47.550717], [-52.785267, 47.549413], [-52.781214, 47.550996], [-52.7771365, 47.550982], [-52.772582, 47.553176], [-52.76738, 47.555139], [-52.760229, 47.558415], [-52.760339, 47.560369]]}}, {"type": "Feature", "properties": {"line": "F162", "type": "feeder", "headway_min": 20.0, "run_min": 47.5, "buses": 3, "flags": ["long: these stops are far from any hub; consider on-demand service", "few stops: candidate for on-demand or merging into a trunk"]}, "geometry": {"type": "LineString", "coordinates": [[-52.760339, 47.560369], [-52.760229, 47.558415], [-52.76738, 47.555139], [-52.772582, 47.553176], [-52.7771365, 47.550982], [-52.785934, 47.5473715], [-52.798743, 47.542362], [-52.817534, 47.536677], [-52.825266, 47.534974], [-52.826940500000006, 47.537006], [-52.828444, 47.539918], [-52.8325035, 47.541227500000005], [-52.834573, 47.540184], [-52.836603, 47.537952], [-52.836915, 47.535692], [-52.839119499999995, 47.5342], [-52.850052, 47.534549], [-52.855793, 47.5334335], [-52.8542875, 47.535263], [-52.853804, 47.537359499999994], [-52.855097, 47.5379755], [-52.858087999999995, 47.5377395], [-52.855097, 47.5379755], [-52.853804, 47.537359499999994], [-52.8542875, 47.535263], [-52.855793, 47.5334335], [-52.850052, 47.534549], [-52.839119499999995, 47.5342], [-52.836915, 47.535692], [-52.836603, 47.537952], [-52.834573, 47.540184], [-52.8325035, 47.541227500000005], [-52.828444, 47.539918], [-52.826940500000006, 47.537006], [-52.825266, 47.534974], [-52.817534, 47.536677], [-52.798743, 47.542362], [-52.785934, 47.5473715], [-52.7771365, 47.550982], [-52.772582, 47.553176], [-52.76738, 47.555139], [-52.760229, 47.558415], [-52.760339, 47.560369]]}}, {"type": "Feature", "properties": {"line": "F163", "type": "feeder", "headway_min": 20.0, "run_min": 49.2, "buses": 3, "flags": ["long: these stops are far from any hub; consider on-demand service", "few stops: candidate for on-demand or merging into a trunk"]}, "geometry": {"type": "LineString", "coordinates": [[-52.760339, 47.560369], [-52.760229, 47.558415], [-52.76738, 47.555139], [-52.772582, 47.553176], [-52.7771365, 47.550982], [-52.785934, 47.5473715], [-52.798743, 47.542362], [-52.817534, 47.536677], [-52.825266, 47.534974], [-52.826940500000006, 47.537006], [-52.828444, 47.539918], [-52.8325035, 47.541227500000005], [-52.834573, 47.540184], [-52.836603, 47.537952], [-52.836915, 47.535692], [-52.839119499999995, 47.5342], [-52.850052, 47.534549], [-52.855793, 47.5334335], [-52.8542875, 47.535263], [-52.853804, 47.537359499999994], [-52.855097, 47.5379755], [-52.858087999999995, 47.5377395], [-52.862417, 47.536683], [-52.858087999999995, 47.5377395], [-52.855097, 47.5379755], [-52.853804, 47.537359499999994], [-52.8542875, 47.535263], [-52.855793, 47.5334335], [-52.850052, 47.534549], [-52.839119499999995, 47.5342], [-52.836915, 47.535692], [-52.836603, 47.537952], [-52.834573, 47.540184], [-52.8325035, 47.541227500000005], [-52.828444, 47.539918], [-52.826940500000006, 47.537006], [-52.825266, 47.534974], [-52.817534, 47.536677], [-52.798743, 47.542362], [-52.785934, 47.5473715], [-52.7771365, 47.550982], [-52.772582, 47.553176], [-52.76738, 47.555139], [-52.760229, 47.558415], [-52.760339, 47.560369]]}}, {"type": "Feature", "properties": {"line": "F164", "type": "feeder", "headway_min": 20.0, "run_min": 49.4, "buses": 3, "flags": ["long: these stops are far from any hub; consider on-demand service", "few stops: candidate for on-demand or merging into a trunk"]}, "geometry": {"type": "LineString", "coordinates": [[-52.760339, 47.560369], [-52.760229, 47.558415], [-52.76738, 47.555139], [-52.772582, 47.553176], [-52.7771365, 47.550982], [-52.785934, 47.5473715], [-52.798743, 47.542362], [-52.817534, 47.536677], [-52.825266, 47.534974], [-52.826940500000006, 47.537006], [-52.828444, 47.539918], [-52.8325035, 47.541227500000005], [-52.834573, 47.540184], [-52.836603, 47.537952], [-52.836915, 47.535692], [-52.839119499999995, 47.5342], [-52.850052, 47.534549], [-52.855793, 47.5334335], [-52.8542875, 47.535263], [-52.853804, 47.537359499999994], [-52.855097, 47.5379755], [-52.858087999999995, 47.5377395], [-52.860867, 47.537005], [-52.858087999999995, 47.5377395], [-52.855097, 47.5379755], [-52.853804, 47.537359499999994], [-52.8542875, 47.535263], [-52.855793, 47.5334335], [-52.850052, 47.534549], [-52.839119499999995, 47.5342], [-52.836915, 47.535692], [-52.836603, 47.537952], [-52.834573, 47.540184], [-52.8325035, 47.541227500000005], [-52.828444, 47.539918], [-52.826940500000006, 47.537006], [-52.825266, 47.534974], [-52.817534, 47.536677], [-52.798743, 47.542362], [-52.785934, 47.5473715], [-52.7771365, 47.550982], [-52.772582, 47.553176], [-52.76738, 47.555139], [-52.760229, 47.558415], [-52.760339, 47.560369]]}}, {"type": "Feature", "properties": {"line": "F165", "type": "feeder", "headway_min": 20.0, "run_min": 12.3, "buses": 1, "flags": ["few stops: candidate for on-demand or merging into a trunk"]}, "geometry": {"type": "LineString", "coordinates": [[-52.760339, 47.560369], [-52.760229, 47.558415], [-52.76738, 47.555139], [-52.772582, 47.553176], [-52.7771365, 47.550982], [-52.780892, 47.552675], [-52.782729, 47.555126], [-52.780892, 47.552675], [-52.7771365, 47.550982], [-52.772582, 47.553176], [-52.76738, 47.555139], [-52.760229, 47.558415], [-52.760339, 47.560369]]}}, {"type": "Feature", "properties": {"line": "F166", "type": "feeder", "headway_min": 20.0, "run_min": 46.2, "buses": 3, "flags": ["long: these stops are far from any hub; consider on-demand service", "few stops: candidate for on-demand or merging into a trunk"]}, "geometry": {"type": "LineString", "coordinates": [[-52.760339, 47.560369], [-52.760229, 47.558415], [-52.76738, 47.555139], [-52.772582, 47.553176], [-52.7771365, 47.550982], [-52.785934, 47.5473715], [-52.798743, 47.542362], [-52.817534, 47.536677], [-52.825266, 47.534974], [-52.826940500000006, 47.537006], [-52.828444, 47.539918], [-52.8325035, 47.541227500000005], [-52.834573, 47.540184], [-52.836603, 47.537952], [-52.836915, 47.535692], [-52.839119499999995, 47.5342], [-52.850052, 47.534549], [-52.855793, 47.5334335], [-52.8542875, 47.535263], [-52.853804, 47.537359499999994], [-52.855097, 47.5379755], [-52.853804, 47.537359499999994], [-52.8542875, 47.535263], [-52.855793, 47.5334335], [-52.850052, 47.534549], [-52.839119499999995, 47.5342], [-52.836915, 47.535692], [-52.836603, 47.537952], [-52.834573, 47.540184], [-52.8325035, 47.541227500000005], [-52.828444, 47.539918], [-52.826940500000006, 47.537006], [-52.825266, 47.534974], [-52.817534, 47.536677], [-52.798743, 47.542362], [-52.785934, 47.5473715], [-52.7771365, 47.550982], [-52.772582, 47.553176], [-52.76738, 47.555139], [-52.760229, 47.558415], [-52.760339, 47.560369]]}}, {"type": "Feature", "properties": {"line": "F167", "type": "feeder", "headway_min": 20.0, "run_min": 49.8, "buses": 3, "flags": ["long: these stops are far from any hub; consider on-demand service", "few stops: candidate for on-demand or merging into a trunk"]}, "geometry": {"type": "LineString", "coordinates": [[-52.760339, 47.560369], [-52.760229, 47.558415], [-52.76738, 47.555139], [-52.772582, 47.553176], [-52.7771365, 47.550982], [-52.785934, 47.5473715], [-52.798743, 47.542362], [-52.817534, 47.536677], [-52.825266, 47.534974], [-52.826940500000006, 47.537006], [-52.828444, 47.539918], [-52.8325035, 47.541227500000005], [-52.834573, 47.540184], [-52.836603, 47.537952], [-52.836915, 47.535692], [-52.839119499999995, 47.5342], [-52.850052, 47.534549], [-52.855793, 47.5334335], [-52.8542875, 47.535263], [-52.853804, 47.537359499999994], [-52.855097, 47.5379755], [-52.858087999999995, 47.5377395], [-52.862417, 47.536683], [-52.862337499999995, 47.535996499999996], [-52.862417, 47.536683], [-52.858087999999995, 47.5377395], [-52.855097, 47.5379755], [-52.853804, 47.537359499999994], [-52.8542875, 47.535263], [-52.855793, 47.5334335], [-52.850052, 47.534549], [-52.839119499999995, 47.5342], [-52.836915, 47.535692], [-52.836603, 47.537952], [-52.834573, 47.540184], [-52.8325035, 47.541227500000005], [-52.828444, 47.539918], [-52.826940500000006, 47.537006], [-52.825266, 47.534974], [-52.817534, 47.536677], [-52.798743, 47.542362], [-52.785934, 47.5473715], [-52.7771365, 47.550982], [-52.772582, 47.553176], [-52.76738, 47.555139], [-52.760229, 47.558415], [-52.760339, 47.560369]]}}, {"type": "Feature", "properties": {"line": "F168", "type": "feeder", "headway_min": 20.0, "run_min": 45.4, "buses": 3, "flags": ["long: these stops are far from any hub; consider on-demand service", "few stops: candidate for on-demand or merging into a trunk"]}, "geometry": {"type": "LineString", "coordinates": [[-52.760339, 47.560369], [-52.760229, 47.558415], [-52.76738, 47.555139], [-52.772582, 47.553176], [-52.7771365, 47.550982], [-52.785934, 47.5473715], [-52.798743, 47.542362], [-52.817534, 47.536677], [-52.825266, 47.534974], [-52.826940500000006, 47.537006], [-52.828444, 47.539918], [-52.8325035, 47.541227500000005], [-52.834573, 47.540184], [-52.836603, 47.537952], [-52.836915, 47.535692], [-52.839119499999995, 47.5342], [-52.850052, 47.534549], [-52.855793, 47.5334335], [-52.8542875, 47.535263], [-52.853804, 47.537359499999994], [-52.8542875, 47.535263], [-52.855793, 47.5334335], [-52.850052, 47.534549], [-52.839119499999995, 47.5342], [-52.836915, 47.535692], [-52.836603, 47.537952], [-52.834573, 47.540184], [-52.8325035, 47.541227500000005], [-52.828444, 47.539918], [-52.826940500000006, 47.537006], [-52.825266, 47.534974], [-52.817534, 47.536677], [-52.798743, 47.542362], [-52.785934, 47.5473715], [-52.7771365, 47.550982], [-52.772582, 47.553176], [-52.76738, 47.555139], [-52.760229, 47.558415], [-52.760339, 47.560369]]}}, {"type": "Feature", "properties": {"line": "F169", "type": "feeder", "headway_min": 20.0, "run_min": 15.6, "buses": 1, "flags": ["few stops: candidate for on-demand or merging into a trunk"]}, "geometry": {"type": "LineString", "coordinates": [[-52.760339, 47.560369], [-52.760229, 47.558415], [-52.76738, 47.555139], [-52.772582, 47.553176], [-52.7771365, 47.550982], [-52.781214, 47.550996], [-52.785267, 47.549413], [-52.789212, 47.550717], [-52.790386, 47.552863], [-52.789212, 47.550717], [-52.785267, 47.549413], [-52.781214, 47.550996], [-52.7771365, 47.550982], [-52.772582, 47.553176], [-52.76738, 47.555139], [-52.760229, 47.558415], [-52.760339, 47.560369]]}}, {"type": "Feature", "properties": {"line": "F170", "type": "feeder", "headway_min": 20.0, "run_min": 29.0, "buses": 2, "flags": ["few stops: candidate for on-demand or merging into a trunk"]}, "geometry": {"type": "LineString", "coordinates": [[-52.760339, 47.560369], [-52.760229, 47.558415], [-52.76738, 47.555139], [-52.772582, 47.553176], [-52.7771365, 47.550982], [-52.785934, 47.5473715], [-52.798743, 47.542362], [-52.817534, 47.536677], [-52.825266, 47.534974], [-52.826940500000006, 47.537006], [-52.828444, 47.539918], [-52.8325035, 47.541227500000005], [-52.833977, 47.541242], [-52.8325035, 47.541227500000005], [-52.828444, 47.539918], [-52.826940500000006, 47.537006], [-52.825266, 47.534974], [-52.817534, 47.536677], [-52.798743, 47.542362], [-52.785934, 47.5473715], [-52.7771365, 47.550982], [-52.772582, 47.553176], [-52.76738, 47.555139], [-52.760229, 47.558415], [-52.760339, 47.560369]]}}, {"type": "Feature", "properties": {"line": "F171", "type": "feeder", "headway_min": 20.0, "run_min": 20.1, "buses": 2, "flags": ["few stops: candidate for on-demand or merging into a trunk"]}, "geometry": {"type": "LineString", "coordinates": [[-52.760339, 47.560369], [-52.760229, 47.558415], [-52.76738, 47.555139], [-52.772582, 47.553176], [-52.7771365, 47.550982], [-52.781214, 47.550996], [-52.785267, 47.549413], [-52.789212, 47.550717], [-52.790386, 47.552863], [-52.794913, 47.555172], [-52.794478, 47.551306], [-52.794913, 47.555172], [-52.790386, 47.552863], [-52.789212, 47.550717], [-52.785267, 47.549413], [-52.781214, 47.550996], [-52.7771365, 47.550982], [-52.772582, 47.553176], [-52.76738, 47.555139], [-52.760229, 47.558415], [-52.760339, 47.560369]]}}, {"type": "Feature", "properties": {"line": "F172", "type": "feeder", "headway_min": 20.0, "run_min": 44.4, "buses": 3, "flags": ["long: these stops are far from any hub; consider on-demand service", "few stops: candidate for on-demand or merging into a trunk"]}, "geometry": {"type": "LineString", "coordinates": [[-52.760339, 47.560369], [-52.760229, 47.558415], [-52.76738, 47.555139], [-52.772582, 47.553176], [-52.7771365, 47.550982], [-52.785934, 47.5473715], [-52.798743, 47.542362], [-52.817534, 47.536677], [-52.825266, 47.534974], [-52.826940500000006, 47.537006], [-52.828444, 47.539918], [-52.8325035, 47.541227500000005], [-52.834573, 47.540184], [-52.836603, 47.537952], [-52.836915, 47.535692], [-52.839119499999995, 47.5342], [-52.850052, 47.534549], [-52.855793, 47.5334335], [-52.8542875, 47.535263], [-52.855793, 47.5334335], [-52.850052, 47.534549], [-52.839119499999995, 47.5342], [-52.836915, 47.535692], [-52.836603, 47.537952], [-52.834573, 47.540184], [-52.8325035, 47.541227500000005], [-52.828444, 47.539918], [-52.826940500000006, 47.537006], [-52.825266, 47.534974], [-52.817534, 47.536677], [-52.798743, 47.542362], [-52.785934, 47.5473715], [-52.7771365, 47.550982], [-52.772582, 47.553176], [-52.76738, 47.555139], [-52.760229, 47.558415], [-52.760339, 47.560369]]}}, {"type": "Feature", "properties": {"line": "F173", "type": "feeder", "headway_min": 20.0, "run_min": 29.6, "buses": 2, "flags": ["few stops: candidate for on-demand or merging into a trunk"]}, "geometry": {"type": "LineString", "coordinates": [[-52.760339, 47.560369], [-52.760229, 47.558415], [-52.76738, 47.555139], [-52.772582, 47.553176], [-52.7771365, 47.550982], [-52.785934, 47.5473715], [-52.798743, 47.542362], [-52.817534, 47.536677], [-52.825266, 47.534974], [-52.826940500000006, 47.537006], [-52.828444, 47.539918], [-52.8325035, 47.541227500000005], [-52.834573, 47.540184], [-52.8325035, 47.541227500000005], [-52.828444, 47.539918], [-52.826940500000006, 47.537006], [-52.825266, 47.534974], [-52.817534, 47.536677], [-52.798743, 47.542362], [-52.785934, 47.5473715], [-52.7771365, 47.550982], [-52.772582, 47.553176], [-52.76738, 47.555139], [-52.760229, 47.558415], [-52.760339, 47.560369]]}}, {"type": "Feature", "properties": {"line": "F174", "type": "feeder", "headway_min": 20.0, "run_min": 52.7, "buses": 3, "flags": ["long: these stops are far from any hub; consider on-demand service", "few stops: candidate for on-demand or merging into a trunk"]}, "geometry": {"type": "LineString", "coordinates": [[-52.760339, 47.560369], [-52.760229, 47.558415], [-52.76738, 47.555139], [-52.772582, 47.553176], [-52.7771365, 47.550982], [-52.785934, 47.5473715], [-52.798743, 47.542362], [-52.817534, 47.536677], [-52.825266, 47.534974], [-52.836954, 47.528545], [-52.852639, 47.525734], [-52.858472, 47.520083], [-52.863402, 47.5178315], [-52.867852, 47.515491999999995], [-52.871384500000005, 47.515896], [-52.871239, 47.518937], [-52.8684405, 47.522984], [-52.870487, 47.523718], [-52.868458000000004, 47.5245095], [-52.868972, 47.525891], [-52.869685000000004, 47.5265605], [-52.872087, 47.527076], [-52.868438499999996, 47.530032], [-52.866108999999994, 47.531248], [-52.868438499999996, 47.530032], [-52.872087, 47.527076], [-52.869685000000004, 47.5265605], [-52.868972, 47.525891], [-52.868458000000004, 47.5245095], [-52.870487, 47.523718], [-52.8684405, 47.522984], [-52.871239, 47.518937], [-52.871384500000005, 47.515896], [-52.867852, 47.515491999999995], [-52.863402, 47.5178315], [-52.858472, 47.520083], [-52.852639, 47.525734], [-52.836954, 47.528545], [-52.825266, 47.534974], [-52.817534, 47.536677], [-52.798743, 47.542362], [-52.785934, 47.5473715], [-52.7771365, 47.550982], [-52.772582, 47.553176], [-52.76738, 47.555139], [-52.760229, 47.558415], [-52.760339, 47.560369]]}}, {"type": "Feature", "properties": {"line": "F175", "type": "feeder", "headway_min": 20.0, "run_min": 55.0, "buses": 4, "flags": ["long: these stops are far from any hub; consider on-demand service", "few stops: candidate for on-demand or merging into a trunk"]}, "geometry": {"type": "LineString", "coordinates": [[-52.760339, 47.560369], [-52.760229, 47.558415], [-52.76738, 47.555139], [-52.772582, 47.553176], [-52.7771365, 47.550982], [-52.785934, 47.5473715], [-52.798743, 47.542362], [-52.817534, 47.536677], [-52.825266, 47.534974], [-52.826940500000006, 47.537006], [-52.828444, 47.539918], [-52.8325035, 47.541227500000005], [-52.834573, 47.540184], [-52.836603, 47.537952], [-52.836915, 47.535692], [-52.839119499999995, 47.5342], [-52.850052, 47.534549], [-52.855793, 47.5334335], [-52.8542875, 47.535263], [-52.853804, 47.537359499999994], [-52.855097, 47.5379755], [-52.858087999999995, 47.5377395], [-52.862417, 47.536683], [-52.862337499999995, 47.535996499999996], [-52.86022, 47.532104000000004], [-52.862519, 47.531822], [-52.86022, 47.532104000000004], [-52.862337499999995, 47.535996499999996], [-52.862417, 47.536683], [-52.858087999999995, 47.5377395], [-52.855097, 47.5379755], [-52.853804, 47.537359499999994], [-52.8542875, 47.535263], [-52.855793, 47.5334335], [-52.850052, 47.534549], [-52.839119499999995, 47.5342], [-52.836915, 47.535692], [-52.836603, 47.537952], [-52.834573, 47.540184], [-52.8325035, 47.541227500000005], [-52.828444, 47.539918], [-52.826940500000006, 47.537006], [-52.825266, 47.534974], [-52.817534, 47.536677], [-52.798743, 47.542362], [-52.785934, 47.5473715], [-52.7771365, 47.550982], [-52.772582, 47.553176], [-52.76738, 47.555139], [-52.760229, 47.558415], [-52.760339, 47.560369]]}}, {"type": "Feature", "properties": {"line": "F176", "type": "feeder", "headway_min": 20.0, "run_min": 51.4, "buses": 3, "flags": ["long: these stops are far from any hub; consider on-demand service", "few stops: candidate for on-demand or merging into a trunk"]}, "geometry": {"type": "LineString", "coordinates": [[-52.760339, 47.560369], [-52.760229, 47.558415], [-52.76738, 47.555139], [-52.772582, 47.553176], [-52.7771365, 47.550982], [-52.785934, 47.5473715], [-52.798743, 47.542362], [-52.817534, 47.536677], [-52.825266, 47.534974], [-52.836954, 47.528545], [-52.852639, 47.525734], [-52.858472, 47.520083], [-52.863402, 47.5178315], [-52.867852, 47.515491999999995], [-52.871384500000005, 47.515896], [-52.871239, 47.518937], [-52.8684405, 47.522984], [-52.870487, 47.523718], [-52.868458000000004, 47.5245095], [-52.868972, 47.525891], [-52.869685000000004, 47.5265605], [-52.872087, 47.527076], [-52.868438499999996, 47.530032], [-52.872087, 47.527076], [-52.869685000000004, 47.5265605], [-52.868972, 47.525891], [-52.868458000000004, 47.5245095], [-52.870487, 47.523718], [-52.8684405, 47.522984], [-52.871239, 47.518937], [-52.871384500000005, 47.515896], [-52.867852, 47.515491999999995], [-52.863402, 47.5178315], [-52.858472, 47.520083], [-52.852639, 47.525734], [-52.836954, 47.528545], [-52.825266, 47.534974], [-52.817534, 47.536677], [-52.798743, 47.542362], [-52.785934, 47.5473715], [-52.7771365, 47.550982], [-52.772582, 47.553176], [-52.76738, 47.555139], [-52.760229, 47.558415], [-52.760339, 47.560369]]}}, {"type": "Feature", "properties": {"line": "F177", "type": "feeder", "headway_min": 20.0, "run_min": 43.1, "buses": 3, "flags": ["long: these stops are far from any hub; consider on-demand service", "few stops: candidate for on-demand or merging into a trunk"]}, "geometry": {"type": "LineString", "coordinates": [[-52.760339, 47.560369], [-52.760229, 47.558415], [-52.76738, 47.555139], [-52.772582, 47.553176], [-52.7771365, 47.550982], [-52.785934, 47.5473715], [-52.798743, 47.542362], [-52.817534, 47.536677], [-52.825266, 47.534974], [-52.826940500000006, 47.537006], [-52.828444, 47.539918], [-52.8325035, 47.541227500000005], [-52.834573, 47.540184], [-52.836603, 47.537952], [-52.836915, 47.535692], [-52.839119499999995, 47.5342], [-52.850052, 47.534549], [-52.855793, 47.5334335], [-52.850052, 47.534549], [-52.839119499999995, 47.5342], [-52.836915, 47.535692], [-52.836603, 47.537952], [-52.834573, 47.540184], [-52.8325035, 47.541227500000005], [-52.828444, 47.539918], [-52.826940500000006, 47.537006], [-52.825266, 47.534974], [-52.817534, 47.536677], [-52.798743, 47.542362], [-52.785934, 47.5473715], [-52.7771365, 47.550982], [-52.772582, 47.553176], [-52.76738, 47.555139], [-52.760229, 47.558415], [-52.760339, 47.560369]]}}, {"type": "Feature", "properties": {"line": "F178", "type": "feeder", "headway_min": 20.0, "run_min": 52.5, "buses": 3, "flags": ["long: these stops are far from any hub; consider on-demand service", "few stops: candidate for on-demand or merging into a trunk"]}, "geometry": {"type": "LineString", "coordinates": [[-52.760339, 47.560369], [-52.760229, 47.558415], [-52.76738, 47.555139], [-52.772582, 47.553176], [-52.7771365, 47.550982], [-52.785934, 47.5473715], [-52.798743, 47.542362], [-52.817534, 47.536677], [-52.825266, 47.534974], [-52.826940500000006, 47.537006], [-52.828444, 47.539918], [-52.8325035, 47.541227500000005], [-52.834573, 47.540184], [-52.836603, 47.537952], [-52.836915, 47.535692], [-52.839119499999995, 47.5342], [-52.850052, 47.534549], [-52.855793, 47.5334335], [-52.8542875, 47.535263], [-52.853804, 47.537359499999994], [-52.855097, 47.5379755], [-52.858087999999995, 47.5377395], [-52.862417, 47.536683], [-52.862337499999995, 47.535996499999996], [-52.86022, 47.532104000000004], [-52.862337499999995, 47.535996499999996], [-52.862417, 47.536683], [-52.858087999999995, 47.5377395], [-52.855097, 47.5379755], [-52.853804, 47.537359499999994], [-52.8542875, 47.535263], [-52.855793, 47.5334335], [-52.850052, 47.534549], [-52.839119499999995, 47.5342], [-52.836915, 47.535692], [-52.836603, 47.537952], [-52.834573, 47.540184], [-52.8325035, 47.541227500000005], [-52.828444, 47.539918], [-52.826940500000006, 47.537006], [-52.825266, 47.534974], [-52.817534, 47.536677], [-52.798743, 47.542362], [-52.785934, 47.5473715], [-52.7771365, 47.550982], [-52.772582, 47.553176], [-52.76738, 47.555139], [-52.760229, 47.558415], [-52.760339, 47.560369]]}}, {"type": "Feature", "properties": {"line": "F179", "type": "feeder", "headway_min": 20.0, "run_min": 31.7, "buses": 2, "flags": ["few stops: candidate for on-demand or merging into a trunk"]}, "geometry": {"type": "LineString", "coordinates": [[-52.760339, 47.560369], [-52.760229, 47.558415], [-52.76738, 47.555139], [-52.772582, 47.553176], [-52.7771365, 47.550982], [-52.785934, 47.5473715], [-52.798743, 47.542362], [-52.817534, 47.536677], [-52.825266, 47.534974], [-52.826940500000006, 47.537006], [-52.828444, 47.539918], [-52.8325035, 47.541227500000005], [-52.833977, 47.541242], [-52.836421, 47.538723], [-52.833977, 47.541242], [-52.8325035, 47.541227500000005], [-52.828444, 47.539918], [-52.826940500000006, 47.537006], [-52.825266, 47.534974], [-52.817534, 47.536677], [-52.798743, 47.542362], [-52.785934, 47.5473715], [-52.7771365, 47.550982], [-52.772582, 47.553176], [-52.76738, 47.555139], [-52.760229, 47.558415], [-52.760339, 47.560369]]}}, {"type": "Feature", "properties": {"line": "F180", "type": "feeder", "headway_min": 20.0, "run_min": 40.3, "buses": 3, "flags": ["long: these stops are far from any hub; consider on-demand service", "few stops: candidate for on-demand or merging into a trunk"]}, "geometry": {"type": "LineString", "coordinates": [[-52.760339, 47.560369], [-52.760229, 47.558415], [-52.76738, 47.555139], [-52.772582, 47.553176], [-52.7771365, 47.550982], [-52.785934, 47.5473715], [-52.798743, 47.542362], [-52.817534, 47.536677], [-52.825266, 47.534974], [-52.826940500000006, 47.537006], [-52.828444, 47.539918], [-52.8325035, 47.541227500000005], [-52.834573, 47.540184], [-52.836603, 47.537952], [-52.836915, 47.535692], [-52.839119499999995, 47.5342], [-52.850052, 47.534549], [-52.839119499999995, 47.5342], [-52.836915, 47.535692], [-52.836603, 47.537952], [-52.834573, 47.540184], [-52.8325035, 47.541227500000005], [-52.828444, 47.539918], [-52.826940500000006, 47.537006], [-52.825266, 47.534974], [-52.817534, 47.536677], [-52.798743, 47.542362], [-52.785934, 47.5473715], [-52.7771365, 47.550982], [-52.772582, 47.553176], [-52.76738, 47.555139], [-52.760229, 47.558415], [-52.760339, 47.560369]]}}, {"type": "Feature", "properties": {"line": "F181", "type": "feeder", "headway_min": 20.0, "run_min": 44.4, "buses": 3, "flags": ["long: these stops are far from any hub; consider on-demand service", "few stops: candidate for on-demand or merging into a trunk"]}, "geometry": {"type": "LineString", "coordinates": [[-52.760339, 47.560369], [-52.760229, 47.558415], [-52.76738, 47.555139], [-52.772582, 47.553176], [-52.7771365, 47.550982], [-52.785934, 47.5473715], [-52.798743, 47.542362], [-52.817534, 47.536677], [-52.825266, 47.534974], [-52.826940500000006, 47.537006], [-52.828444, 47.539918], [-52.8325035, 47.541227500000005], [-52.834573, 47.540184], [-52.836603, 47.537952], [-52.836915, 47.535692], [-52.839119499999995, 47.5342], [-52.850052, 47.534549], [-52.855793, 47.5334335], [-52.854386, 47.532842], [-52.855793, 47.5334335], [-52.850052, 47.534549], [-52.839119499999995, 47.5342], [-52.836915, 47.535692], [-52.836603, 47.537952], [-52.834573, 47.540184], [-52.8325035, 47.541227500000005], [-52.828444, 47.539918], [-52.826940500000006, 47.537006], [-52.825266, 47.534974], [-52.817534, 47.536677], [-52.798743, 47.542362], [-52.785934, 47.5473715], [-52.7771365, 47.550982], [-52.772582, 47.553176], [-52.76738, 47.555139], [-52.760229, 47.558415], [-52.760339, 47.560369]]}}, {"type": "Feature", "properties": {"line": "F182", "type": "feeder", "headway_min": 20.0, "run_min": 32.3, "buses": 2, "flags": ["few stops: candidate for on-demand or merging into a trunk"]}, "geometry": {"type": "LineString", "coordinates": [[-52.760339, 47.560369], [-52.760229, 47.558415], [-52.76738, 47.555139], [-52.772582, 47.553176], [-52.7771365, 47.550982], [-52.785934, 47.5473715], [-52.798743, 47.542362], [-52.817534, 47.536677], [-52.825266, 47.534974], [-52.826940500000006, 47.537006], [-52.827798, 47.538336], [-52.82934, 47.540137], [-52.8325035, 47.541227500000005], [-52.834573, 47.540184], [-52.836603, 47.537952], [-52.834573, 47.540184], [-52.8325035, 47.541227500000005], [-52.828444, 47.539918], [-52.826940500000006, 47.537006], [-52.825266, 47.534974], [-52.817534, 47.536677], [-52.798743, 47.542362], [-52.785934, 47.5473715], [-52.7771365, 47.550982], [-52.772582, 47.553176], [-52.76738, 47.555139], [-52.760229, 47.558415], [-52.760339, 47.560369]]}}, {"type": "Feature", "properties": {"line": "F183", "type": "feeder", "headway_min": 20.0, "run_min": 49.0, "buses": 3, "flags": ["long: these stops are far from any hub; consider on-demand service", "few stops: candidate for on-demand or merging into a trunk"]}, "geometry": {"type": "LineString", "coordinates": [[-52.760339, 47.560369], [-52.760229, 47.558415], [-52.76738, 47.555139], [-52.772582, 47.553176], [-52.7771365, 47.550982], [-52.785934, 47.5473715], [-52.798743, 47.542362], [-52.817534, 47.536677], [-52.825266, 47.534974], [-52.836954, 47.528545], [-52.852639, 47.525734], [-52.858472, 47.520083], [-52.863402, 47.5178315], [-52.867852, 47.515491999999995], [-52.871384500000005, 47.515896], [-52.871239, 47.518937], [-52.8684405, 47.522984], [-52.870487, 47.523718], [-52.868458000000004, 47.5245095], [-52.868972, 47.525891], [-52.869685000000004, 47.5265605], [-52.872087, 47.527076], [-52.869685000000004, 47.5265605], [-52.868972, 47.525891], [-52.868458000000004, 47.5245095], [-52.870487, 47.523718], [-52.8684405, 47.522984], [-52.871239, 47.518937], [-52.871384500000005, 47.515896], [-52.867852, 47.515491999999995], [-52.863402, 47.5178315], [-52.858472, 47.520083], [-52.852639, 47.525734], [-52.836954, 47.528545], [-52.825266, 47.534974], [-52.817534, 47.536677], [-52.798743, 47.542362], [-52.785934, 47.5473715], [-52.7771365, 47.550982], [-52.772582, 47.553176], [-52.76738, 47.555139], [-52.760229, 47.558415], [-52.760339, 47.560369]]}}, {"type": "Feature", "properties": {"line": "F184", "type": "feeder", "headway_min": 20.0, "run_min": 25.2, "buses": 2, "flags": ["few stops: candidate for on-demand or merging into a trunk"]}, "geometry": {"type": "LineString", "coordinates": [[-52.760339, 47.560369], [-52.760229, 47.558415], [-52.76738, 47.555139], [-52.772582, 47.553176], [-52.7771365, 47.550982], [-52.785934, 47.5473715], [-52.798743, 47.542362], [-52.817534, 47.536677], [-52.825266, 47.534974], [-52.826940500000006, 47.537006], [-52.828444, 47.539918], [-52.826940500000006, 47.537006], [-52.825266, 47.534974], [-52.817534, 47.536677], [-52.798743, 47.542362], [-52.785934, 47.5473715], [-52.7771365, 47.550982], [-52.772582, 47.553176], [-52.76738, 47.555139], [-52.760229, 47.558415], [-52.760339, 47.560369]]}}, {"type": "Feature", "properties": {"line": "F185", "type": "feeder", "headway_min": 20.0, "run_min": 47.5, "buses": 3, "flags": ["long: these stops are far from any hub; consider on-demand service", "few stops: candidate for on-demand or merging into a trunk"]}, "geometry": {"type": "LineString", "coordinates": [[-52.760339, 47.560369], [-52.760229, 47.558415], [-52.76738, 47.555139], [-52.772582, 47.553176], [-52.7771365, 47.550982], [-52.785934, 47.5473715], [-52.798743, 47.542362], [-52.817534, 47.536677], [-52.825266, 47.534974], [-52.836954, 47.528545], [-52.852639, 47.525734], [-52.858472, 47.520083], [-52.863402, 47.5178315], [-52.867852, 47.515491999999995], [-52.871384500000005, 47.515896], [-52.871239, 47.518937], [-52.8684405, 47.522984], [-52.870487, 47.523718], [-52.868458000000004, 47.5245095], [-52.868972, 47.525891], [-52.869685000000004, 47.5265605], [-52.868972, 47.525891], [-52.868458000000004, 47.5245095], [-52.870487, 47.523718], [-52.8684405, 47.522984], [-52.871239, 47.518937], [-52.871384500000005, 47.515896], [-52.867852, 47.515491999999995], [-52.863402, 47.5178315], [-52.858472, 47.520083], [-52.852639, 47.525734], [-52.836954, 47.528545], [-52.825266, 47.534974], [-52.817534, 47.536677], [-52.798743, 47.542362], [-52.785934, 47.5473715], [-52.7771365, 47.550982], [-52.772582, 47.553176], [-52.76738, 47.555139], [-52.760229, 47.558415], [-52.760339, 47.560369]]}}, {"type": "Feature", "properties": {"line": "F186", "type": "feeder", "headway_min": 20.0, "run_min": 12.8, "buses": 1, "flags": ["few stops: candidate for on-demand or merging into a trunk"]}, "geometry": {"type": "LineString", "coordinates": [[-52.760339, 47.560369], [-52.760229, 47.558415], [-52.76738, 47.555139], [-52.772582, 47.553176], [-52.7771365, 47.550982], [-52.781294, 47.549014], [-52.77967, 47.550969], [-52.781517, 47.553794], [-52.77967, 47.550969], [-52.781294, 47.549014], [-52.7771365, 47.550982], [-52.772582, 47.553176], [-52.76738, 47.555139], [-52.760229, 47.558415], [-52.760339, 47.560369]]}}, {"type": "Feature", "properties": {"line": "F187", "type": "feeder", "headway_min": 20.0, "run_min": 33.9, "buses": 2, "flags": ["few stops: candidate for on-demand or merging into a trunk"]}, "geometry": {"type": "LineString", "coordinates": [[-52.760339, 47.560369], [-52.760229, 47.558415], [-52.76738, 47.555139], [-52.772582, 47.553176], [-52.7771365, 47.550982], [-52.785934, 47.5473715], [-52.798743, 47.542362], [-52.817534, 47.536677], [-52.825266, 47.534974], [-52.826940500000006, 47.537006], [-52.828444, 47.539918], [-52.8325035, 47.541227500000005], [-52.833977, 47.541242], [-52.836421, 47.538723], [-52.836896, 47.536297], [-52.836421, 47.538723], [-52.833977, 47.541242], [-52.8325035, 47.541227500000005], [-52.828444, 47.539918], [-52.826940500000006, 47.537006], [-52.825266, 47.534974], [-52.817534, 47.536677], [-52.798743, 47.542362], [-52.785934, 47.5473715], [-52.7771365, 47.550982], [-52.772582, 47.553176], [-52.76738, 47.555139], [-52.760229, 47.558415], [-52.760339, 47.560369]]}}, {"type": "Feature", "properties": {"line": "F188", "type": "feeder", "headway_min": 20.0, "run_min": 46.8, "buses": 3, "flags": ["long: these stops are far from any hub; consider on-demand service", "few stops: candidate for on-demand or merging into a trunk"]}, "geometry": {"type": "LineString", "coordinates": [[-52.760339, 47.560369], [-52.760229, 47.558415], [-52.76738, 47.555139], [-52.772582, 47.553176], [-52.7771365, 47.550982], [-52.785934, 47.5473715], [-52.798743, 47.542362], [-52.817534, 47.536677], [-52.825266, 47.534974], [-52.836954, 47.528545], [-52.852639, 47.525734], [-52.858472, 47.520083], [-52.863402, 47.5178315], [-52.867852, 47.515491999999995], [-52.871384500000005, 47.515896], [-52.871239, 47.518937], [-52.8684405, 47.522984], [-52.870487, 47.523718], [-52.868458000000004, 47.5245095], [-52.868972, 47.525891], [-52.868458000000004, 47.5245095], [-52.870487, 47.523718], [-52.8684405, 47.522984], [-52.871239, 47.518937], [-52.871384500000005, 47.515896], [-52.867852, 47.515491999999995], [-52.863402, 47.5178315], [-52.858472, 47.520083], [-52.852639, 47.525734], [-52.836954, 47.528545], [-52.825266, 47.534974], [-52.817534, 47.536677], [-52.798743, 47.542362], [-52.785934, 47.5473715], [-52.7771365, 47.550982], [-52.772582, 47.553176], [-52.76738, 47.555139], [-52.760229, 47.558415], [-52.760339, 47.560369]]}}, {"type": "Feature", "properties": {"line": "F189", "type": "feeder", "headway_min": 20.0, "run_min": 34.3, "buses": 2, "flags": ["few stops: candidate for on-demand or merging into a trunk"]}, "geometry": {"type": "LineString", "coordinates": [[-52.760339, 47.560369], [-52.760229, 47.558415], [-52.76738, 47.555139], [-52.772582, 47.553176], [-52.7771365, 47.550982], [-52.785934, 47.5473715], [-52.798743, 47.542362], [-52.817534, 47.536677], [-52.825266, 47.534974], [-52.826940500000006, 47.537006], [-52.827798, 47.538336], [-52.82934, 47.540137], [-52.8325035, 47.541227500000005], [-52.834573, 47.540184], [-52.836603, 47.537952], [-52.836915, 47.535692], [-52.836603, 47.537952], [-52.834573, 47.540184], [-52.8325035, 47.541227500000005], [-52.828444, 47.539918], [-52.826940500000006, 47.537006], [-52.825266, 47.534974], [-52.817534, 47.536677], [-52.798743, 47.542362], [-52.785934, 47.5473715], [-52.7771365, 47.550982], [-52.772582, 47.553176], [-52.76738, 47.555139], [-52.760229, 47.558415], [-52.760339, 47.560369]]}}, {"type": "Feature", "properties": {"line": "F190", "type": "feeder", "headway_min": 20.0, "run_min": 46.0, "buses": 3, "flags": ["long: these stops are far from any hub; consider on-demand service", "few stops: candidate for on-demand or merging into a trunk"]}, "geometry": {"type": "LineString", "coordinates": [[-52.760339, 47.560369], [-52.760229, 47.558415], [-52.76738, 47.555139], [-52.772582, 47.553176], [-52.7771365, 47.550982], [-52.785934, 47.5473715], [-52.798743, 47.542362], [-52.817534, 47.536677], [-52.825266, 47.534974], [-52.836954, 47.528545], [-52.852639, 47.525734], [-52.858472, 47.520083], [-52.863402, 47.5178315], [-52.867852, 47.515491999999995], [-52.871384500000005, 47.515896], [-52.871239, 47.518937], [-52.8684405, 47.522984], [-52.870487, 47.523718], [-52.868458000000004, 47.5245095], [-52.870487, 47.523718], [-52.8684405, 47.522984], [-52.871239, 47.518937], [-52.871384500000005, 47.515896], [-52.867852, 47.515491999999995], [-52.863402, 47.5178315], [-52.858472, 47.520083], [-52.852639, 47.525734], [-52.836954, 47.528545], [-52.825266, 47.534974], [-52.817534, 47.536677], [-52.798743, 47.542362], [-52.785934, 47.5473715], [-52.7771365, 47.550982], [-52.772582, 47.553176], [-52.76738, 47.555139], [-52.760229, 47.558415], [-52.760339, 47.560369]]}}, {"type": "Feature", "properties": {"line": "F191", "type": "feeder", "headway_min": 20.0, "run_min": 35.8, "buses": 2, "flags": ["long: these stops are far from any hub; consider on-demand service", "few stops: candidate for on-demand or merging into a trunk"]}, "geometry": {"type": "LineString", "coordinates": [[-52.760339, 47.560369], [-52.760229, 47.558415], [-52.76738, 47.555139], [-52.772582, 47.553176], [-52.7771365, 47.550982], [-52.785934, 47.5473715], [-52.798743, 47.542362], [-52.817534, 47.536677], [-52.825266, 47.534974], [-52.826940500000006, 47.537006], [-52.828444, 47.539918], [-52.8325035, 47.541227500000005], [-52.834573, 47.540184], [-52.836603, 47.537952], [-52.836915, 47.535692], [-52.839119499999995, 47.5342], [-52.836915, 47.535692], [-52.836603, 47.537952], [-52.834573, 47.540184], [-52.8325035, 47.541227500000005], [-52.828444, 47.539918], [-52.826940500000006, 47.537006], [-52.825266, 47.534974], [-52.817534, 47.536677], [-52.798743, 47.542362], [-52.785934, 47.5473715], [-52.7771365, 47.550982], [-52.772582, 47.553176], [-52.76738, 47.555139], [-52.760229, 47.558415], [-52.760339, 47.560369]]}}, {"type": "Feature", "properties": {"line": "F192", "type": "feeder", "headway_min": 20.0, "run_min": 41.4, "buses": 3, "flags": ["long: these stops are far from any hub; consider on-demand service", "few stops: candidate for on-demand or merging into a trunk"]}, "geometry": {"type": "LineString", "coordinates": [[-52.760339, 47.560369], [-52.760229, 47.558415], [-52.76738, 47.555139], [-52.772582, 47.553176], [-52.7771365, 47.550982], [-52.785934, 47.5473715], [-52.798743, 47.542362], [-52.817534, 47.536677], [-52.825266, 47.534974], [-52.836954, 47.528545], [-52.852639, 47.525734], [-52.858472, 47.520083], [-52.863402, 47.5178315], [-52.867852, 47.515491999999995], [-52.871384500000005, 47.515896], [-52.871239, 47.518937], [-52.8684405, 47.522984], [-52.870487, 47.523718], [-52.8684405, 47.522984], [-52.871239, 47.518937], [-52.871384500000005, 47.515896], [-52.867852, 47.515491999999995], [-52.863402, 47.5178315], [-52.858472, 47.520083], [-52.852639, 47.525734], [-52.836954, 47.528545], [-52.825266, 47.534974], [-52.817534, 47.536677], [-52.798743, 47.542362], [-52.785934, 47.5473715], [-52.7771365, 47.550982], [-52.772582, 47.553176], [-52.76738, 47.555139], [-52.760229, 47.558415], [-52.760339, 47.560369]]}}, {"type": "Feature", "properties": {"line": "F193", "type": "feeder", "headway_min": 20.0, "run_min": 21.7, "buses": 2, "flags": []}, "geometry": {"type": "LineString", "coordinates": [[-52.760339, 47.560369], [-52.760229, 47.558415], [-52.76738, 47.555139], [-52.772582, 47.553176], [-52.7771365, 47.550982], [-52.781214, 47.550996], [-52.785267, 47.549413], [-52.789212, 47.550717], [-52.790386, 47.552863], [-52.794913, 47.555172], [-52.794478, 47.551306], [-52.793698, 47.549005], [-52.7969, 47.54809], [-52.799283, 47.546961], [-52.801316, 47.544906], [-52.8003, 47.542959], [-52.795364, 47.543457], [-52.785934, 47.5473715], [-52.7771365, 47.550982], [-52.772582, 47.553176], [-52.76738, 47.555139], [-52.760229, 47.558415], [-52.760339, 47.560369]]}}, {"type": "Feature", "properties": {"line": "F194", "type": "feeder", "headway_min": 20.0, "run_min": 38.9, "buses": 3, "flags": ["long: these stops are far from any hub; consider on-demand service", "few stops: candidate for on-demand or merging into a trunk"]}, "geometry": {"type": "LineString", "coordinates": [[-52.760339, 47.560369], [-52.760229, 47.558415], [-52.76738, 47.555139], [-52.772582, 47.553176], [-52.7771365, 47.550982], [-52.785934, 47.5473715], [-52.798743, 47.542362], [-52.817534, 47.536677], [-52.825266, 47.534974], [-52.836954, 47.528545], [-52.852639, 47.525734], [-52.858472, 47.520083], [-52.863402, 47.5178315], [-52.867852, 47.515491999999995], [-52.871384500000005, 47.515896], [-52.871239, 47.518937], [-52.8684405, 47.522984], [-52.871239, 47.518937], [-52.871384500000005, 47.515896], [-52.867852, 47.515491999999995], [-52.863402, 47.5178315], [-52.858472, 47.520083], [-52.852639, 47.525734], [-52.836954, 47.528545], [-52.825266, 47.534974], [-52.817534, 47.536677], [-52.798743, 47.542362], [-52.785934, 47.5473715], [-52.7771365, 47.550982], [-52.772582, 47.553176], [-52.76738, 47.555139], [-52.760229, 47.558415], [-52.760339, 47.560369]]}}, {"type": "Feature", "properties": {"line": "F195", "type": "feeder", "headway_min": 20.0, "run_min": 22.4, "buses": 2, "flags": ["few stops: candidate for on-demand or merging into a trunk"]}, "geometry": {"type": "LineString", "coordinates": [[-52.760339, 47.560369], [-52.760229, 47.558415], [-52.76738, 47.555139], [-52.772582, 47.553176], [-52.7771365, 47.550982], [-52.785934, 47.5473715], [-52.798743, 47.542362], [-52.817534, 47.536677], [-52.825266, 47.534974], [-52.826940500000006, 47.537006], [-52.825266, 47.534974], [-52.817534, 47.536677], [-52.798743, 47.542362], [-52.785934, 47.5473715], [-52.7771365, 47.550982], [-52.772582, 47.553176], [-52.76738, 47.555139], [-52.760229, 47.558415], [-52.760339, 47.560369]]}}, {"type": "Feature", "properties": {"line": "F196", "type": "feeder", "headway_min": 20.0, "run_min": 37.4, "buses": 3, "flags": ["long: these stops are far from any hub; consider on-demand service", "few stops: candidate for on-demand or merging into a trunk"]}, "geometry": {"type": "LineString", "coordinates": [[-52.760339, 47.560369], [-52.760229, 47.558415], [-52.76738, 47.555139], [-52.772582, 47.553176], [-52.7771365, 47.550982], [-52.785934, 47.5473715], [-52.798743, 47.542362], [-52.817534, 47.536677], [-52.825266, 47.534974], [-52.836954, 47.528545], [-52.852639, 47.525734], [-52.858472, 47.520083], [-52.863402, 47.5178315], [-52.867852, 47.515491999999995], [-52.871384500000005, 47.515896], [-52.871239, 47.518937], [-52.871384500000005, 47.515896], [-52.867852, 47.515491999999995], [-52.863402, 47.5178315], [-52.858472, 47.520083], [-52.852639, 47.525734], [-52.836954, 47.528545], [-52.825266, 47.534974], [-52.817534, 47.536677], [-52.798743, 47.542362], [-52.785934, 47.5473715], [-52.7771365, 47.550982], [-52.772582, 47.553176], [-52.76738, 47.555139], [-52.760229, 47.558415], [-52.760339, 47.560369]]}}, {"type": "Feature", "properties": {"line": "F197", "type": "feeder", "headway_min": 20.0, "run_min": 10.6, "buses": 1, "flags": ["few stops: candidate for on-demand or merging into a trunk"]}, "geometry": {"type": "LineString", "coordinates": [[-52.760339, 47.560369], [-52.760229, 47.558415], [-52.76738, 47.555139], [-52.772582, 47.553176], [-52.7771365, 47.550982], [-52.780892, 47.552675], [-52.7771365, 47.550982], [-52.772582, 47.553176], [-52.76738, 47.555139], [-52.760229, 47.558415], [-52.760339, 47.560369]]}}, {"type": "Feature", "properties": {"line": "F198", "type": "feeder", "headway_min": 20.0, "run_min": 37.4, "buses": 3, "flags": ["long: these stops are far from any hub; consider on-demand service", "few stops: candidate for on-demand or merging into a trunk"]}, "geometry": {"type": "LineString", "coordinates": [[-52.760339, 47.560369], [-52.760229, 47.558415], [-52.76738, 47.555139], [-52.772582, 47.553176], [-52.7771365, 47.550982], [-52.785934, 47.5473715], [-52.798743, 47.542362], [-52.817534, 47.536677], [-52.825266, 47.534974], [-52.836954, 47.528545], [-52.852639, 47.525734], [-52.858472, 47.520083], [-52.863402, 47.5178315], [-52.867852, 47.515491999999995], [-52.871384500000005, 47.515896], [-52.871951, 47.518517], [-52.871384500000005, 47.515896], [-52.867852, 47.515491999999995], [-52.863402, 47.5178315], [-52.858472, 47.520083], [-52.852639, 47.525734], [-52.836954, 47.528545], [-52.825266, 47.534974], [-52.817534, 47.536677], [-52.798743, 47.542362], [-52.785934, 47.5473715], [-52.7771365, 47.550982], [-52.772582, 47.553176], [-52.76738, 47.555139], [-52.760229, 47.558415], [-52.760339, 47.560369]]}}, {"type": "Feature", "properties": {"line": "F199", "type": "feeder", "headway_min": 20.0, "run_min": 29.2, "buses": 2, "flags": ["few stops: candidate for on-demand or merging into a trunk"]}, "geometry": {"type": "LineString", "coordinates": [[-52.760339, 47.560369], [-52.760229, 47.558415], [-52.76738, 47.555139], [-52.772582, 47.553176], [-52.7771365, 47.550982], [-52.785934, 47.5473715], [-52.798743, 47.542362], [-52.817534, 47.536677], [-52.825266, 47.534974], [-52.836954, 47.528545], [-52.852639, 47.525734], [-52.836954, 47.528545], [-52.825266, 47.534974], [-52.817534, 47.536677], [-52.798743, 47.542362], [-52.785934, 47.5473715], [-52.7771365, 47.550982], [-52.772582, 47.553176], [-52.76738, 47.555139], [-52.760229, 47.558415], [-52.760339, 47.560369]]}}, {"type": "Feature", "properties": {"line": "F200", "type": "feeder", "headway_min": 20.0, "run_min": 17.7, "buses": 1, "flags": ["few stops: candidate for on-demand or merging into a trunk"]}, "geometry": {"type": "LineString", "coordinates": [[-52.760339, 47.560369], [-52.760229, 47.558415], [-52.76738, 47.555139], [-52.772582, 47.553176], [-52.7771365, 47.550982], [-52.785934, 47.5473715], [-52.795364, 47.543457], [-52.8003, 47.542959], [-52.801316, 47.544906], [-52.8003, 47.542959], [-52.795364, 47.543457], [-52.785934, 47.5473715], [-52.7771365, 47.550982], [-52.772582, 47.553176], [-52.76738, 47.555139], [-52.760229, 47.558415], [-52.760339, 47.560369]]}}, {"type": "Feature", "properties": {"line": "F201", "type": "feeder", "headway_min": 20.0, "run_min": 34.2, "buses": 2, "flags": ["few stops: candidate for on-demand or merging into a trunk"]}, "geometry": {"type": "LineString", "coordinates": [[-52.760339, 47.560369], [-52.760229, 47.558415], [-52.76738, 47.555139], [-52.772582, 47.553176], [-52.7771365, 47.550982], [-52.785934, 47.5473715], [-52.798743, 47.542362], [-52.817534, 47.536677], [-52.825266, 47.534974], [-52.836954, 47.528545], [-52.852639, 47.525734], [-52.858472, 47.520083], [-52.852757, 47.5252], [-52.837204, 47.527739], [-52.81661, 47.536541], [-52.801066, 47.541013], [-52.795364, 47.543457], [-52.785934, 47.5473715], [-52.7771365, 47.550982], [-52.772582, 47.553176], [-52.76738, 47.555139], [-52.760229, 47.558415], [-52.760339, 47.560369]]}}, {"type": "Feature", "properties": {"line": "F202", "type": "feeder", "headway_min": 20.0, "run_min": 36.0, "buses": 2, "flags": ["long: these stops are far from any hub; consider on-demand service", "few stops: candidate for on-demand or merging into a trunk"]}, "geometry": {"type": "LineString", "coordinates": [[-52.760339, 47.560369], [-52.760229, 47.558415], [-52.76738, 47.555139], [-52.772582, 47.553176], [-52.7771365, 47.550982], [-52.785934, 47.5473715], [-52.798743, 47.542362], [-52.817534, 47.536677], [-52.825266, 47.534974], [-52.836954, 47.528545], [-52.852639, 47.525734], [-52.858472, 47.520083], [-52.863402, 47.5178315], [-52.867852, 47.515491999999995], [-52.871384500000005, 47.515896], [-52.867852, 47.515491999999995], [-52.863402, 47.5178315], [-52.858472, 47.520083], [-52.852639, 47.525734], [-52.836954, 47.528545], [-52.825266, 47.534974], [-52.817534, 47.536677], [-52.798743, 47.542362], [-52.785934, 47.5473715], [-52.7771365, 47.550982], [-52.772582, 47.553176], [-52.76738, 47.555139], [-52.760229, 47.558415], [-52.760339, 47.560369]]}}, {"type": "Feature", "properties": {"line": "F203", "type": "feeder", "headway_min": 20.0, "run_min": 33.2, "buses": 2, "flags": []}, "geometry": {"type": "LineString", "coordinates": [[-52.760339, 47.560369], [-52.760229, 47.558415], [-52.76738, 47.555139], [-52.772582, 47.553176], [-52.7771365, 47.550982], [-52.785934, 47.5473715], [-52.798743, 47.542362], [-52.817534, 47.536677], [-52.825266, 47.534974], [-52.836954, 47.528545], [-52.852639, 47.525734], [-52.858472, 47.520083], [-52.863402, 47.5178315], [-52.858472, 47.520083], [-52.852639, 47.525734], [-52.836954, 47.528545], [-52.825266, 47.534974], [-52.817534, 47.536677], [-52.798743, 47.542362], [-52.785934, 47.5473715], [-52.7771365, 47.550982], [-52.772582, 47.553176], [-52.76738, 47.555139], [-52.760229, 47.558415], [-52.760339, 47.560369]]}}, {"type": "Feature", "properties": {"line": "F204", "type": "feeder", "headway_min": 20.0, "run_min": 34.7, "buses": 2, "flags": ["long: these stops are far from any hub; consider on-demand service", "few stops: candidate for on-demand or merging into a trunk"]}, "geometry": {"type": "LineString", "coordinates": [[-52.760339, 47.560369], [-52.760229, 47.558415], [-52.76738, 47.555139], [-52.772582, 47.553176], [-52.7771365, 47.550982], [-52.785934, 47.5473715], [-52.798743, 47.542362], [-52.817534, 47.536677], [-52.825266, 47.534974], [-52.836954, 47.528545], [-52.852639, 47.525734], [-52.858472, 47.520083], [-52.863402, 47.5178315], [-52.867852, 47.515491999999995], [-52.863402, 47.5178315], [-52.858472, 47.520083], [-52.852639, 47.525734], [-52.836954, 47.528545], [-52.825266, 47.534974], [-52.817534, 47.536677], [-52.798743, 47.542362], [-52.785934, 47.5473715], [-52.7771365, 47.550982], [-52.772582, 47.553176], [-52.76738, 47.555139], [-52.760229, 47.558415], [-52.760339, 47.560369]]}}, {"type": "Feature", "properties": {"line": "F205", "type": "feeder", "headway_min": 20.0, "run_min": 29.2, "buses": 2, "flags": ["few stops: candidate for on-demand or merging into a trunk"]}, "geometry": {"type": "LineString", "coordinates": [[-52.760339, 47.560369], [-52.760229, 47.558415], [-52.76738, 47.555139], [-52.772582, 47.553176], [-52.7771365, 47.550982], [-52.785934, 47.5473715], [-52.795364, 47.543457], [-52.801066, 47.541013], [-52.81661, 47.536541], [-52.837204, 47.527739], [-52.81661, 47.536541], [-52.801066, 47.541013], [-52.795364, 47.543457], [-52.785934, 47.5473715], [-52.7771365, 47.550982], [-52.772582, 47.553176], [-52.76738, 47.555139], [-52.760229, 47.558415], [-52.760339, 47.560369]]}}, {"type": "Feature", "properties": {"line": "F206", "type": "feeder", "headway_min": 20.0, "run_min": 28.2, "buses": 2, "flags": []}, "geometry": {"type": "LineString", "coordinates": [[-52.760339, 47.560369], [-52.760229, 47.558415], [-52.76738, 47.555139], [-52.772582, 47.553176], [-52.7771365, 47.550982], [-52.781214, 47.550996], [-52.785267, 47.549413], [-52.781214, 47.550996], [-52.7771365, 47.550982], [-52.785934, 47.5473715], [-52.798743, 47.542362], [-52.785934, 47.5473715], [-52.795364, 47.543457], [-52.801066, 47.541013], [-52.795364, 47.543457], [-52.8003, 47.542959], [-52.795364, 47.543457], [-52.77967, 47.550969], [-52.781294, 47.549014], [-52.7771365, 47.550982], [-52.773889, 47.552298], [-52.770225, 47.553947], [-52.764753, 47.555727], [-52.75858, 47.55756], [-52.760229, 47.558415], [-52.760339, 47.560369]]}}, {"type": "Feature", "properties": {"line": "F207", "type": "feeder", "headway_min": 20.0, "run_min": 9.8, "buses": 1, "flags": []}, "geometry": {"type": "LineString", "coordinates": [[-52.760339, 47.560369], [-52.760229, 47.558415], [-52.76738, 47.555139], [-52.772582, 47.553176], [-52.7771365, 47.550982], [-52.773889, 47.552298], [-52.770225, 47.553947], [-52.767117999999996, 47.555732500000005], [-52.764753, 47.555727], [-52.75858, 47.55756], [-52.760229, 47.558415], [-52.760339, 47.560369]]}}, {"type": "Feature", "properties": {"line": "F208", "type": "feeder", "headway_min": 20.0, "run_min": 29.2, "buses": 2, "flags": []}, "geometry": {"type": "LineString", "coordinates": [[-52.735682, 47.57337], [-52.7405245, 47.573077], [-52.743789, 47.572631], [-52.7405245, 47.573077], [-52.744499, 47.572354], [-52.7405245, 47.573077], [-52.735682, 47.57337], [-52.72707, 47.57507], [-52.726757000000006, 47.572851], [-52.727335, 47.570895], [-52.7249635, 47.570687], [-52.727335, 47.570895], [-52.726757000000006, 47.572851], [-52.728838, 47.571792], [-52.730571499999996, 47.570854999999995], [-52.733298, 47.569269], [-52.7359165, 47.567009999999996], [-52.736245999999994, 47.5653755], [-52.7319415, 47.565743999999995], [-52.729275, 47.56586], [-52.726256500000005, 47.567592000000005], [-52.729275, 47.56586], [-52.7319415, 47.565743999999995], [-52.736245999999994, 47.5653755], [-52.7359165, 47.567009999999996], [-52.737063, 47.570838], [-52.735682, 47.57337]]}}, {"type": "Feature", "properties": {"line": "F209", "type": "feeder", "headway_min": 20.0, "run_min": 18.6, "buses": 2, "flags": []}, "geometry": {"type": "LineString", "coordinates": [[-52.731464, 47.589439], [-52.734066999999996, 47.588299500000005], [-52.737265, 47.590624], [-52.736418, 47.59327], [-52.734947, 47.594139], [-52.736418, 47.59327], [-52.737265, 47.590624], [-52.734066999999996, 47.588299500000005], [-52.736697, 47.586526], [-52.745421, 47.577603], [-52.751115, 47.574509], [-52.745421, 47.577603], [-52.736697, 47.586526], [-52.734066999999996, 47.588299500000005], [-52.731464, 47.589439]]}}, {"type": "Feature", "properties": {"line": "F210", "type": "feeder", "headway_min": 20.0, "run_min": 20.6, "buses": 2, "flags": []}, "geometry": {"type": "LineString", "coordinates": [[-52.70207, 47.572134], [-52.7023035, 47.571295000000006], [-52.7048165, 47.571231], [-52.707104, 47.57014], [-52.708995, 47.5678025], [-52.7122815, 47.566901], [-52.714347, 47.568261], [-52.7177, 47.56998], [-52.722431, 47.570048], [-52.7249635, 47.570687], [-52.71946, 47.57002], [-52.715286, 47.569076], [-52.7122815, 47.566901], [-52.7146535, 47.566638499999996], [-52.7197345, 47.567638], [-52.723397, 47.568283], [-52.7197345, 47.567638], [-52.7146535, 47.566638499999996], [-52.7122815, 47.566901], [-52.708995, 47.5678025], [-52.707104, 47.57014], [-52.7048165, 47.571231], [-52.7023035, 47.571295000000006], [-52.70207, 47.572134]]}}, {"type": "Feature", "properties": {"line": "F211", "type": "feeder", "headway_min": 20.0, "run_min": 26.0, "buses": 2, "flags": []}, "geometry": {"type": "LineString", "coordinates": [[-52.70207, 47.572134], [-52.701477499999996, 47.569740499999995], [-52.70341, 47.567325], [-52.705839499999996, 47.5640425], [-52.707240999999996, 47.562686], [-52.709045, 47.561347], [-52.707240999999996, 47.562686], [-52.709547, 47.560668], [-52.707240999999996, 47.562686], [-52.705839499999996, 47.5640425], [-52.702911, 47.567906], [-52.701477499999996, 47.569740499999995], [-52.70207, 47.572134], [-52.7020105, 47.575086], [-52.69968, 47.57447], [-52.692748, 47.572652], [-52.69968, 47.57447], [-52.7020105, 47.575086], [-52.70207, 47.572134]]}}, {"type": "Feature", "properties": {"line": "F212", "type": "feeder", "headway_min": 20.0, "run_min": 26.6, "buses": 2, "flags": []}, "geometry": {"type": "LineString", "coordinates": [[-52.70207, 47.572134], [-52.7020105, 47.575086], [-52.69968, 47.57447], [-52.697542, 47.575319], [-52.695576, 47.576147], [-52.6936745, 47.576931], [-52.690556, 47.578017], [-52.687728, 47.578869999999995], [-52.685378, 47.579669], [-52.681228, 47.579625], [-52.682725, 47.58062], [-52.687728, 47.578869999999995], [-52.690556, 47.578017], [-52.6936745, 47.576931], [-52.695576, 47.576147], [-52.69887, 47.57449], [-52.7020105, 47.575086], [-52.702481, 47.573824], [-52.703086, 47.5759125], [-52.701657999999995, 47.578483500000004], [-52.699239, 47.579881], [-52.69464, 47.581676], [-52.693166500000004, 47.583836500000004], [-52.695819, 47.583419], [-52.696002, 47.584403], [-52.693573, 47.585249], [-52.696002, 47.584403], [-52.696684, 47.583258], [-52.693166500000004, 47.583836500000004], [-52.69464, 47.581676], [-52.697972, 47.580614], [-52.701657999999995, 47.578483500000004], [-52.703086, 47.5759125], [-52.70207, 47.572134]]}}, {"type": "Feature", "properties": {"line": "F213", "type": "feeder", "headway_min": 20.0, "run_min": 28.9, "buses": 2, "flags": []}, "geometry": {"type": "LineString", "coordinates": [[-52.738742, 47.538914], [-52.7401585, 47.537575000000004], [-52.7389345, 47.5375655], [-52.736424, 47.5351925], [-52.738043, 47.53346], [-52.740044499999996, 47.53152849999999], [-52.743616, 47.529489999999996], [-52.746744, 47.528678], [-52.749629, 47.527894], [-52.7528485, 47.527004500000004], [-52.756761, 47.525628], [-52.7528485, 47.527004500000004], [-52.748555, 47.528217], [-52.746163, 47.529281], [-52.743616, 47.529489999999996], [-52.740044499999996, 47.53152849999999], [-52.738043, 47.53346], [-52.736424, 47.5351925], [-52.7389345, 47.5375655], [-52.7401585, 47.537575000000004], [-52.7430345, 47.536044000000004], [-52.745098999999996, 47.535202], [-52.745265, 47.5364595], [-52.746924, 47.537101], [-52.746614, 47.537649], [-52.744440499999996, 47.5393405], [-52.744897, 47.5410505], [-52.746042, 47.541276], [-52.74948, 47.539947], [-52.750822, 47.5400695], [-52.753454, 47.541373], [-52.756937, 47.542904], [-52.753719000000004, 47.544038], [-52.757518, 47.542398], [-52.756355, 47.541199], [-52.750822, 47.5400695], [-52.748294, 47.540706], [-52.744897, 47.5410505], [-52.744440499999996, 47.5393405], [-52.746614, 47.537649], [-52.746924, 47.537101], [-52.745265, 47.5364595], [-52.745098999999996, 47.535202], [-52.7430345, 47.536044000000004], [-52.7401585, 47.537575000000004], [-52.738742, 47.538914]]}}, {"type": "Feature", "properties": {"line": "F214", "type": "feeder", "headway_min": 20.0, "run_min": 7.2, "buses": 1, "flags": []}, "geometry": {"type": "LineString", "coordinates": [[-52.738742, 47.538914], [-52.7401585, 47.537575000000004], [-52.7389345, 47.5375655], [-52.736424, 47.5351925], [-52.738043, 47.53346], [-52.740044499999996, 47.53152849999999], [-52.743616, 47.529489999999996], [-52.746163, 47.529281], [-52.743616, 47.529489999999996], [-52.740044499999996, 47.53152849999999], [-52.738803, 47.532951], [-52.736424, 47.5351925], [-52.7389345, 47.5375655], [-52.7401585, 47.537575000000004], [-52.738742, 47.538914]]}}, {"type": "Feature", "properties": {"line": "F215", "type": "feeder", "headway_min": 20.0, "run_min": 26.4, "buses": 2, "flags": []}, "geometry": {"type": "LineString", "coordinates": [[-52.738742, 47.538914], [-52.737227, 47.540769], [-52.734736999999996, 47.542392], [-52.73075, 47.543807], [-52.728994, 47.544703], [-52.726755, 47.545127], [-52.723514, 47.545847], [-52.721981, 47.546803], [-52.719984499999995, 47.5485095], [-52.718256, 47.549939], [-52.7181565, 47.548613], [-52.716741, 47.546842], [-52.7124, 47.547836000000004], [-52.709622, 47.547439], [-52.713061, 47.547117], [-52.715361, 47.545278], [-52.717369, 47.543828], [-52.716202, 47.543349], [-52.712977, 47.542836], [-52.70977, 47.544327], [-52.70854, 47.546426], [-52.708572, 47.548586], [-52.706397, 47.550831], [-52.708922, 47.550819], [-52.7124, 47.547836000000004], [-52.716741, 47.546842], [-52.7181565, 47.548613], [-52.718256, 47.549939], [-52.719984499999995, 47.5485095], [-52.721569, 47.547267], [-52.725608, 47.545492], [-52.728994, 47.544703], [-52.73075, 47.543807], [-52.734736999999996, 47.542392], [-52.737227, 47.540769], [-52.738742, 47.538914]]}}, {"type": "Feature", "properties": {"line": "F216", "type": "feeder", "headway_min": 20.0, "run_min": 17.8, "buses": 1, "flags": []}, "geometry": {"type": "LineString", "coordinates": [[-52.738742, 47.538914], [-52.737227, 47.540769], [-52.734736999999996, 47.542392], [-52.73075, 47.543807], [-52.728994, 47.544703], [-52.726755, 47.545127], [-52.723514, 47.545847], [-52.721981, 47.546803], [-52.719984499999995, 47.5485095], [-52.718143, 47.550643], [-52.716819, 47.551622], [-52.714322, 47.554122], [-52.713051, 47.555954], [-52.711767, 47.559411], [-52.711676, 47.558588], [-52.713659, 47.554794], [-52.715428, 47.552383], [-52.718256, 47.549939], [-52.719984499999995, 47.5485095], [-52.721981, 47.546803], [-52.723514, 47.545847], [-52.726755, 47.545127], [-52.728994, 47.544703], [-52.73075, 47.543807], [-52.734736999999996, 47.542392], [-52.737227, 47.540769], [-52.738742, 47.538914]]}}, {"type": "Feature", "properties": {"line": "F217", "type": "feeder", "headway_min": 20.0, "run_min": 23.3, "buses": 2, "flags": []}, "geometry": {"type": "LineString", "coordinates": [[-52.743143, 47.557759], [-52.7440335, 47.5564625], [-52.743436, 47.553994], [-52.745461500000005, 47.5519625], [-52.743866499999996, 47.5502335], [-52.746311, 47.548243], [-52.749781999999996, 47.546578], [-52.751585000000006, 47.5481525], [-52.754487, 47.546372500000004], [-52.7558235, 47.545536], [-52.759, 47.544338], [-52.761389, 47.543461], [-52.765251, 47.541694], [-52.770067, 47.538461], [-52.7715195, 47.535785000000004], [-52.771864, 47.534967], [-52.773979, 47.532345], [-52.771864, 47.534967], [-52.7715195, 47.535785000000004], [-52.773804, 47.533222], [-52.7715195, 47.535785000000004], [-52.769106, 47.538997], [-52.763853, 47.542035], [-52.760327, 47.543621], [-52.758218, 47.544467], [-52.7558235, 47.545536], [-52.754487, 47.546372500000004], [-52.751585000000006, 47.5481525], [-52.749781999999996, 47.546578], [-52.746311, 47.548243], [-52.743866499999996, 47.5502335], [-52.745461500000005, 47.5519625], [-52.743436, 47.553994], [-52.7440335, 47.5564625], [-52.743143, 47.557759]]}}, {"type": "Feature", "properties": {"line": "F218", "type": "feeder", "headway_min": 20.0, "run_min": 22.6, "buses": 2, "flags": []}, "geometry": {"type": "LineString", "coordinates": [[-52.743143, 47.557759], [-52.7440335, 47.5564625], [-52.743436, 47.553994], [-52.745461500000005, 47.5519625], [-52.743866499999996, 47.5502335], [-52.742784, 47.551266], [-52.7390305, 47.553222500000004], [-52.742784, 47.551266], [-52.743866499999996, 47.5502335], [-52.743944, 47.549158], [-52.739158, 47.547419], [-52.7397515, 47.545707500000006], [-52.7418025, 47.544887], [-52.7442365, 47.5445795], [-52.7470585, 47.544492500000004], [-52.7496745, 47.5441905], [-52.7470585, 47.544492500000004], [-52.7442365, 47.5445795], [-52.7418025, 47.544887], [-52.7397515, 47.545707500000006], [-52.740132, 47.547605], [-52.740263, 47.548555], [-52.742402, 47.548502], [-52.743866499999996, 47.5502335], [-52.746311, 47.548243], [-52.743866499999996, 47.5502335], [-52.745461500000005, 47.5519625], [-52.743436, 47.553994], [-52.7440335, 47.5564625], [-52.743143, 47.557759]]}}, {"type": "Feature", "properties": {"line": "F219", "type": "feeder", "headway_min": 20.0, "run_min": 27.9, "buses": 2, "flags": []}, "geometry": {"type": "LineString", "coordinates": [[-52.713019, 47.600669], [-52.712408, 47.601928], [-52.711053, 47.603769], [-52.711775, 47.604281], [-52.713953, 47.605103], [-52.71705, 47.604769], [-52.7206065, 47.607264], [-52.722187, 47.611192], [-52.722662, 47.613963], [-52.719545, 47.615162], [-52.716709, 47.616535], [-52.715629, 47.617754], [-52.719709, 47.619686], [-52.722129, 47.617758], [-52.724415, 47.617298], [-52.727257, 47.616457], [-52.724415, 47.617298], [-52.722129, 47.617758], [-52.719709, 47.619686], [-52.715629, 47.617754], [-52.716709, 47.616535], [-52.715094, 47.617009], [-52.713219, 47.615225], [-52.708731, 47.614389], [-52.70663, 47.612432], [-52.706169, 47.610208], [-52.708389, 47.607107], [-52.70807, 47.602228], [-52.708095, 47.600928], [-52.712421, 47.5988885], [-52.713019, 47.600669]]}}, {"type": "Feature", "properties": {"line": "F220", "type": "feeder", "headway_min": 20.0, "run_min": 17.2, "buses": 1, "flags": []}, "geometry": {"type": "LineString", "coordinates": [[-52.713019, 47.600669], [-52.717753, 47.603964], [-52.7206065, 47.607264], [-52.71794, 47.604547], [-52.7206065, 47.607264], [-52.724339, 47.610862], [-52.725164, 47.610154], [-52.731950999999995, 47.607879], [-52.725164, 47.610154], [-52.72965, 47.615064], [-52.725164, 47.610154], [-52.724339, 47.610862], [-52.7206065, 47.607264], [-52.717753, 47.603964], [-52.713019, 47.600669]]}}, {"type": "Feature", "properties": {"line": "F221", "type": "feeder", "headway_min": 20.0, "run_min": 29.1, "buses": 2, "flags": []}, "geometry": {"type": "LineString", "coordinates": [[-52.713019, 47.600669], [-52.717753, 47.603964], [-52.7206065, 47.607264], [-52.724339, 47.610862], [-52.725164, 47.610154], [-52.731950999999995, 47.607879], [-52.7357245, 47.604399], [-52.741316, 47.601488], [-52.7436065, 47.6023735], [-52.744603, 47.60369], [-52.7476685, 47.6051375], [-52.751444, 47.605295], [-52.7562465, 47.605486], [-52.7548495, 47.607560500000005], [-52.752298, 47.609416], [-52.747474, 47.612728], [-52.749931, 47.612756], [-52.751908, 47.610236], [-52.7548495, 47.607560500000005], [-52.7562465, 47.605486], [-52.751444, 47.605295], [-52.7476685, 47.6051375], [-52.744603, 47.60369], [-52.7436065, 47.6023735], [-52.741316, 47.601488], [-52.7357245, 47.604399], [-52.731950999999995, 47.607879], [-52.725164, 47.610154], [-52.724339, 47.610862], [-52.7206065, 47.607264], [-52.717753, 47.603964], [-52.713019, 47.600669]]}}, {"type": "Feature", "properties": {"line": "F222", "type": "feeder", "headway_min": 20.0, "run_min": 26.6, "buses": 2, "flags": []}, "geometry": {"type": "LineString", "coordinates": [[-52.713019, 47.600669], [-52.717753, 47.603964], [-52.7206065, 47.607264], [-52.724339, 47.610862], [-52.725164, 47.610154], [-52.731950999999995, 47.607879], [-52.7357245, 47.604399], [-52.74054, 47.60114], [-52.740629, 47.598691], [-52.73642, 47.597316], [-52.737581, 47.601297], [-52.73642, 47.597316], [-52.740629, 47.598691], [-52.74054, 47.60114], [-52.7436065, 47.6023735], [-52.744603, 47.60369], [-52.7476685, 47.6051375], [-52.751444, 47.605295], [-52.7562465, 47.605486], [-52.750541, 47.605114], [-52.7476685, 47.6051375], [-52.744603, 47.60369], [-52.7436065, 47.6023735], [-52.741316, 47.601488], [-52.7357245, 47.604399], [-52.731950999999995, 47.607879], [-52.725164, 47.610154], [-52.724339, 47.610862], [-52.7206065, 47.607264], [-52.717753, 47.603964], [-52.713019, 47.600669]]}}, {"type": "Feature", "properties": {"line": "F223", "type": "feeder", "headway_min": 20.0, "run_min": 14.9, "buses": 1, "flags": []}, "geometry": {"type": "LineString", "coordinates": [[-52.71159, 47.58449], [-52.709748, 47.584322], [-52.7047125, 47.585423000000006], [-52.704181, 47.587806], [-52.7042505, 47.5900195], [-52.704181, 47.587806], [-52.7047125, 47.585423000000006], [-52.709471, 47.585293], [-52.711032, 47.583144], [-52.714172500000004, 47.581365500000004], [-52.716312, 47.580317], [-52.7204905, 47.5780485], [-52.7236335, 47.5752365], [-52.7204905, 47.5780485], [-52.716871, 47.5799], [-52.714172500000004, 47.581365500000004], [-52.711615, 47.582591], [-52.709748, 47.584322], [-52.71159, 47.58449]]}}, {"type": "Feature", "properties": {"line": "F224", "type": "feeder", "headway_min": 20.0, "run_min": 22.9, "buses": 2, "flags": []}, "geometry": {"type": "LineString", "coordinates": [[-52.695619, 47.597249], [-52.693314, 47.598008], [-52.690395, 47.599798], [-52.688224, 47.5991875], [-52.688054, 47.597811], [-52.688458499999996, 47.596516], [-52.689195, 47.594968], [-52.688458499999996, 47.596516], [-52.688199999999995, 47.5940875], [-52.6872915, 47.5924935], [-52.686041, 47.591095], [-52.6864805, 47.5888135], [-52.6887865, 47.5884445], [-52.6919275, 47.5865385], [-52.6887865, 47.5884445], [-52.6864805, 47.5888135], [-52.686041, 47.591095], [-52.6872915, 47.5924935], [-52.688199999999995, 47.5940875], [-52.688458499999996, 47.596516], [-52.688224, 47.5991875], [-52.690395, 47.599798], [-52.691034, 47.600439], [-52.682128, 47.602713], [-52.678939, 47.6053], [-52.67875, 47.607392], [-52.683303, 47.60966], [-52.688031, 47.609981], [-52.689608, 47.607392], [-52.691847, 47.603772], [-52.69399, 47.601882], [-52.695578, 47.600253], [-52.698657499999996, 47.5975405], [-52.697739, 47.598114], [-52.695619, 47.597249]]}}, {"type": "Feature", "properties": {"hub": "Hamlyn Rd after Village Shopping Centre"}, "geometry": {"type": "Point", "coordinates": [-52.75306500000001, 47.534048]}}, {"type": "Feature", "properties": {"hub": "OLeary Ave before Peet St"}, "geometry": {"type": "Point", "coordinates": [-52.760339, 47.560369]}}, {"type": "Feature", "properties": {"hub": "MUN Centre"}, "geometry": {"type": "Point", "coordinates": [-52.735682, 47.57337]}}, {"type": "Feature", "properties": {"hub": "Ridge Rd opp civic 30"}, "geometry": {"type": "Point", "coordinates": [-52.731464, 47.589439]}}, {"type": "Feature", "properties": {"hub": "Kings Bridge Rd before Military Rd"}, "geometry": {"type": "Point", "coordinates": [-52.70207, 47.572134]}}, {"type": "Feature", "properties": {"hub": "Topsail Rd opp Old Topsail Rd"}, "geometry": {"type": "Point", "coordinates": [-52.738742, 47.538914]}}, {"type": "Feature", "properties": {"hub": "Crosbie Rd bldg 64"}, "geometry": {"type": "Point", "coordinates": [-52.743143, 47.557759]}}, {"type": "Feature", "properties": {"hub": "Torbay Rd near Gleneyre St"}, "geometry": {"type": "Point", "coordinates": [-52.713019, 47.600669]}}, {"type": "Feature", "properties": {"hub": "New Cove Rd before Cherry Hill Rd"}, "geometry": {"type": "Point", "coordinates": [-52.71159, 47.58449]}}, {"type": "Feature", "properties": {"hub": "Newfoundland Dr opp Pickmore Pl"}, "geometry": {"type": "Point", "coordinates": [-52.695619, 47.597249]}}]}